year,county,township,admin_key,party_zh,party_code,candidate,vote_rate,votes,total_valid,turnout
2024,南投縣,草屯鎮,南投縣|草屯鎮,民進黨,DPP,賴清德,0.364000,21818,59939,0.738600
2024,南投縣,草屯鎮,南投縣|草屯鎮,國民黨,KMT,侯友宜,0.350300,20997,59939,0.738600
2024,南投縣,草屯鎮,南投縣|草屯鎮,民眾黨,TPP,柯文哲,0.285700,17125,59939,0.738600
2024,南投縣,國姓鄉,南投縣|國姓鄉,民進黨,DPP,賴清德,0.339000,3407,10049,0.667300
2024,南投縣,國姓鄉,南投縣|國姓鄉,國民黨,KMT,侯友宜,0.423900,4260,10049,0.667300
2024,南投縣,國姓鄉,南投縣|國姓鄉,民眾黨,TPP,柯文哲,0.237000,2382,10049,0.667300
2024,南投縣,埔里鎮,南投縣|埔里鎮,民進黨,DPP,賴清德,0.337800,15307,45313,0.696800
2024,南投縣,埔里鎮,南投縣|埔里鎮,國民黨,KMT,侯友宜,0.399000,18080,45313,0.696800
2024,南投縣,埔里鎮,南投縣|埔里鎮,民眾黨,TPP,柯文哲,0.263300,11931,45313,0.696800
2024,南投縣,仁愛鄉,南投縣|仁愛鄉,民進黨,DPP,賴清德,0.131600,1009,7668,0.633000
2024,南投縣,仁愛鄉,南投縣|仁愛鄉,國民黨,KMT,侯友宜,0.620200,4756,7668,0.633000
2024,南投縣,仁愛鄉,南投縣|仁愛鄉,民眾黨,TPP,柯文哲,0.248200,1903,7668,0.633000
2024,南投縣,中寮鄉,南投縣|中寮鄉,民進黨,DPP,賴清德,0.393200,3300,8392,0.694100
2024,南投縣,中寮鄉,南投縣|中寮鄉,國民黨,KMT,侯友宜,0.372600,3127,8392,0.694100
2024,南投縣,中寮鄉,南投縣|中寮鄉,民眾黨,TPP,柯文哲,0.234200,1965,8392,0.694100
2024,南投縣,魚池鄉,南投縣|魚池鄉,民進黨,DPP,賴清德,0.383500,3280,8552,0.662800
2024,南投縣,魚池鄉,南投縣|魚池鄉,國民黨,KMT,侯友宜,0.380500,3254,8552,0.662800
2024,南投縣,魚池鄉,南投縣|魚池鄉,民眾黨,TPP,柯文哲,0.236000,2018,8552,0.662800
2024,南投縣,南投市,南投縣|南投市,民進黨,DPP,賴清德,0.351100,20879,59468,0.736100
2024,南投縣,南投市,南投縣|南投市,國民黨,KMT,侯友宜,0.378600,22515,59468,0.736100
2024,南投縣,南投市,南投縣|南投市,民眾黨,TPP,柯文哲,0.270400,16080,59468,0.736100
2024,南投縣,名間鄉,南投縣|名間鄉,民進黨,DPP,賴清德,0.441800,9915,22442,0.720400
2024,南投縣,名間鄉,南投縣|名間鄉,國民黨,KMT,侯友宜,0.306600,6881,22442,0.720400
2024,南投縣,名間鄉,南投縣|名間鄉,民眾黨,TPP,柯文哲,0.251600,5646,22442,0.720400
2024,南投縣,集集鎮,南投縣|集集鎮,民進黨,DPP,賴清德,0.365700,2272,6212,0.710500
2024,南投縣,集集鎮,南投縣|集集鎮,國民黨,KMT,侯友宜,0.381200,2368,6212,0.710500
2024,南投縣,集集鎮,南投縣|集集鎮,民眾黨,TPP,柯文哲,0.253100,1572,6212,0.710500
2024,南投縣,竹山鎮,南投縣|竹山鎮,民進黨,DPP,賴清德,0.403100,12630,31331,0.712600
2024,南投縣,竹山鎮,南投縣|竹山鎮,國民黨,KMT,侯友宜,0.347600,10891,31331,0.712600
2024,南投縣,竹山鎮,南投縣|竹山鎮,民眾黨,TPP,柯文哲,0.249200,7808,31331,0.712600
2024,南投縣,鹿谷鄉,南投縣|鹿谷鄉,民進黨,DPP,賴清德,0.376300,3889,10335,0.711700
2024,南投縣,鹿谷鄉,南投縣|鹿谷鄉,國民黨,KMT,侯友宜,0.406300,4199,10335,0.711700
2024,南投縣,鹿谷鄉,南投縣|鹿谷鄉,民眾黨,TPP,柯文哲,0.217400,2247,10335,0.711700
2024,南投縣,水里鄉,南投縣|水里鄉,民進黨,DPP,賴清德,0.372300,3558,9556,0.677000
2024,南投縣,水里鄉,南投縣|水里鄉,國民黨,KMT,侯友宜,0.400100,3823,9556,0.677000
2024,南投縣,水里鄉,南投縣|水里鄉,民眾黨,TPP,柯文哲,0.227600,2175,9556,0.677000
2024,南投縣,信義鄉,南投縣|信義鄉,民進黨,DPP,賴清德,0.251000,2018,8039,0.649000
2024,南投縣,信義鄉,南投縣|信義鄉,國民黨,KMT,侯友宜,0.499700,4017,8039,0.649000
2024,南投縣,信義鄉,南投縣|信義鄉,民眾黨,TPP,柯文哲,0.249300,2004,8039,0.649000
2024,嘉義市,東區,嘉義市|東區,民進黨,DPP,賴清德,0.421400,29904,70963,0.727500
2024,嘉義市,東區,嘉義市|東區,國民黨,KMT,侯友宜,0.332200,23574,70963,0.727500
2024,嘉義市,東區,嘉義市|東區,民眾黨,TPP,柯文哲,0.246400,17485,70963,0.727500
2024,嘉義市,西區,嘉義市|西區,民進黨,DPP,賴清德,0.441800,38301,86693,0.730200
2024,嘉義市,西區,嘉義市|西區,國民黨,KMT,侯友宜,0.299100,25930,86693,0.730200
2024,嘉義市,西區,嘉義市|西區,民眾黨,TPP,柯文哲,0.259100,22462,86693,0.730200
2024,嘉義縣,六腳鄉,嘉義縣|六腳鄉,民進黨,DPP,賴清德,0.545200,6973,12789,0.677500
2024,嘉義縣,六腳鄉,嘉義縣|六腳鄉,國民黨,KMT,侯友宜,0.271200,3468,12789,0.677500
2024,嘉義縣,六腳鄉,嘉義縣|六腳鄉,民眾黨,TPP,柯文哲,0.183700,2349,12789,0.677500
2024,嘉義縣,東石鄉,嘉義縣|東石鄉,民進黨,DPP,賴清德,0.495800,6529,13169,0.649000
2024,嘉義縣,東石鄉,嘉義縣|東石鄉,國民黨,KMT,侯友宜,0.326100,4294,13169,0.649000
2024,嘉義縣,東石鄉,嘉義縣|東石鄉,民眾黨,TPP,柯文哲,0.178100,2345,13169,0.649000
2024,嘉義縣,朴子市,嘉義縣|朴子市,民進黨,DPP,賴清德,0.470200,11319,24073,0.714900
2024,嘉義縣,朴子市,嘉義縣|朴子市,國民黨,KMT,侯友宜,0.313800,7554,24073,0.714900
2024,嘉義縣,朴子市,嘉義縣|朴子市,民眾黨,TPP,柯文哲,0.216000,5200,24073,0.714900
2024,嘉義縣,太保市,嘉義縣|太保市,民進黨,DPP,賴清德,0.459700,10505,22852,0.716600
2024,嘉義縣,太保市,嘉義縣|太保市,國民黨,KMT,侯友宜,0.268300,6131,22852,0.716600
2024,嘉義縣,太保市,嘉義縣|太保市,民眾黨,TPP,柯文哲,0.272000,6216,22852,0.716600
2024,嘉義縣,布袋鎮,嘉義縣|布袋鎮,民進黨,DPP,賴清德,0.492100,7142,14514,0.663700
2024,嘉義縣,布袋鎮,嘉義縣|布袋鎮,國民黨,KMT,侯友宜,0.308400,4476,14514,0.663700
2024,嘉義縣,布袋鎮,嘉義縣|布袋鎮,民眾黨,TPP,柯文哲,0.199500,2896,14514,0.663700
2024,嘉義縣,義竹鄉,嘉義縣|義竹鄉,民進黨,DPP,賴清德,0.525000,5357,10204,0.679500
2024,嘉義縣,義竹鄉,嘉義縣|義竹鄉,國民黨,KMT,侯友宜,0.296400,3024,10204,0.679500
2024,嘉義縣,義竹鄉,嘉義縣|義竹鄉,民眾黨,TPP,柯文哲,0.178700,1823,10204,0.679500
2024,嘉義縣,鹿草鄉,嘉義縣|鹿草鄉,民進黨,DPP,賴清德,0.533400,4626,8672,0.683800
2024,嘉義縣,鹿草鄉,嘉義縣|鹿草鄉,國民黨,KMT,侯友宜,0.266700,2313,8672,0.683800
2024,嘉義縣,鹿草鄉,嘉義縣|鹿草鄉,民眾黨,TPP,柯文哲,0.199800,1733,8672,0.683800
2024,嘉義縣,水上鄉,嘉義縣|水上鄉,民進黨,DPP,賴清德,0.466200,13918,29855,0.709300
2024,嘉義縣,水上鄉,嘉義縣|水上鄉,國民黨,KMT,侯友宜,0.289500,8643,29855,0.709300
2024,嘉義縣,水上鄉,嘉義縣|水上鄉,民眾黨,TPP,柯文哲,0.244400,7297,29855,0.709300
2024,嘉義縣,溪口鄉,嘉義縣|溪口鄉,民進黨,DPP,賴清德,0.543100,4437,8170,0.693000
2024,嘉義縣,溪口鄉,嘉義縣|溪口鄉,國民黨,KMT,侯友宜,0.243200,1987,8170,0.693000
2024,嘉義縣,溪口鄉,嘉義縣|溪口鄉,民眾黨,TPP,柯文哲,0.213700,1746,8170,0.693000
2024,嘉義縣,大林鎮,嘉義縣|大林鎮,民進黨,DPP,賴清德,0.462700,8469,18304,0.711100
2024,嘉義縣,大林鎮,嘉義縣|大林鎮,國民黨,KMT,侯友宜,0.301100,5511,18304,0.711100
2024,嘉義縣,大林鎮,嘉義縣|大林鎮,民眾黨,TPP,柯文哲,0.236200,4323,18304,0.711100
2024,嘉義縣,梅山鄉,嘉義縣|梅山鄉,民進黨,DPP,賴清德,0.454200,4974,10952,0.697700
2024,嘉義縣,梅山鄉,嘉義縣|梅山鄉,國民黨,KMT,侯友宜,0.328400,3597,10952,0.697700
2024,嘉義縣,梅山鄉,嘉義縣|梅山鄉,民眾黨,TPP,柯文哲,0.217400,2381,10952,0.697700
2024,嘉義縣,新港鄉,嘉義縣|新港鄉,民進黨,DPP,賴清德,0.543500,10018,18432,0.710800
2024,嘉義縣,新港鄉,嘉義縣|新港鄉,國民黨,KMT,侯友宜,0.230800,4254,18432,0.710800
2024,嘉義縣,新港鄉,嘉義縣|新港鄉,民眾黨,TPP,柯文哲,0.225700,4160,18432,0.710800
2024,嘉義縣,民雄鄉,嘉義縣|民雄鄉,民進黨,DPP,賴清德,0.458100,19714,43034,0.719000
2024,嘉義縣,民雄鄉,嘉義縣|民雄鄉,國民黨,KMT,侯友宜,0.277200,11929,43034,0.719000
2024,嘉義縣,民雄鄉,嘉義縣|民雄鄉,民眾黨,TPP,柯文哲,0.264800,11395,43034,0.719000
2024,嘉義縣,竹崎鄉,嘉義縣|竹崎鄉,民進黨,DPP,賴清德,0.468400,9471,20219,0.693400
2024,嘉義縣,竹崎鄉,嘉義縣|竹崎鄉,國民黨,KMT,侯友宜,0.304600,6159,20219,0.693400
2024,嘉義縣,竹崎鄉,嘉義縣|竹崎鄉,民眾黨,TPP,柯文哲,0.227000,4590,20219,0.693400
2024,嘉義縣,中埔鄉,嘉義縣|中埔鄉,民進黨,DPP,賴清德,0.454600,11710,25760,0.692400
2024,嘉義縣,中埔鄉,嘉義縣|中埔鄉,國民黨,KMT,侯友宜,0.299900,7725,25760,0.692400
2024,嘉義縣,中埔鄉,嘉義縣|中埔鄉,民眾黨,TPP,柯文哲,0.245500,6324,25760,0.692400
2024,嘉義縣,番路鄉,嘉義縣|番路鄉,民進黨,DPP,賴清德,0.426000,2821,6622,0.689800
2024,嘉義縣,番路鄉,嘉義縣|番路鄉,國民黨,KMT,侯友宜,0.343900,2277,6622,0.689800
2024,嘉義縣,番路鄉,嘉義縣|番路鄉,民眾黨,TPP,柯文哲,0.230100,1524,6622,0.689800
2024,嘉義縣,阿里山鄉,嘉義縣|阿里山鄉,民進黨,DPP,賴清德,0.225000,631,2805,0.631800
2024,嘉義縣,阿里山鄉,嘉義縣|阿里山鄉,國民黨,KMT,侯友宜,0.552600,1550,2805,0.631800
2024,嘉義縣,阿里山鄉,嘉義縣|阿里山鄉,民眾黨,TPP,柯文哲,0.222500,624,2805,0.631800
2024,嘉義縣,大埔鄉,嘉義縣|大埔鄉,民進黨,DPP,賴清德,0.428400,903,2108,0.546900
2024,嘉義縣,大埔鄉,嘉義縣|大埔鄉,國民黨,KMT,侯友宜,0.354800,748,2108,0.546900
2024,嘉義縣,大埔鄉,嘉義縣|大埔鄉,民眾黨,TPP,柯文哲,0.216800,457,2108,0.546900
2024,基隆市,中正區,基隆市|中正區,民進黨,DPP,賴清德,0.342000,10241,29943,0.675200
2024,基隆市,中正區,基隆市|中正區,國民黨,KMT,侯友宜,0.390700,11699,29943,0.675200
2024,基隆市,中正區,基隆市|中正區,民眾黨,TPP,柯文哲,0.267200,8001,29943,0.675200
2024,基隆市,信義區,基隆市|信義區,民進黨,DPP,賴清德,0.316600,10480,33103,0.719800
2024,基隆市,信義區,基隆市|信義區,國民黨,KMT,侯友宜,0.411700,13629,33103,0.719800
2024,基隆市,信義區,基隆市|信義區,民眾黨,TPP,柯文哲,0.271600,8991,33103,0.719800
2024,基隆市,仁愛區,基隆市|仁愛區,民進黨,DPP,賴清德,0.386600,9265,23965,0.707300
2024,基隆市,仁愛區,基隆市|仁愛區,國民黨,KMT,侯友宜,0.373600,8953,23965,0.707300
2024,基隆市,仁愛區,基隆市|仁愛區,民眾黨,TPP,柯文哲,0.239700,5744,23965,0.707300
2024,基隆市,中山區,基隆市|中山區,民進黨,DPP,賴清德,0.355500,9835,27665,0.695500
2024,基隆市,中山區,基隆市|中山區,國民黨,KMT,侯友宜,0.378600,10474,27665,0.695500
2024,基隆市,中山區,基隆市|中山區,民眾黨,TPP,柯文哲,0.265900,7356,27665,0.695500
2024,基隆市,安樂區,基隆市|安樂區,民進黨,DPP,賴清德,0.347100,17026,49053,0.718600
2024,基隆市,安樂區,基隆市|安樂區,國民黨,KMT,侯友宜,0.390200,19140,49053,0.718600
2024,基隆市,安樂區,基隆市|安樂區,民眾黨,TPP,柯文哲,0.262700,12886,49053,0.718600
2024,基隆市,暖暖區,基隆市|暖暖區,民進黨,DPP,賴清德,0.329500,7674,23289,0.710300
2024,基隆市,暖暖區,基隆市|暖暖區,國民黨,KMT,侯友宜,0.387900,9034,23289,0.710300
2024,基隆市,暖暖區,基隆市|暖暖區,民眾黨,TPP,柯文哲,0.282700,6584,23289,0.710300
2024,基隆市,七堵區,基隆市|七堵區,民進黨,DPP,賴清德,0.363800,11555,31763,0.707300
2024,基隆市,七堵區,基隆市|七堵區,國民黨,KMT,侯友宜,0.364500,11578,31763,0.707300
2024,基隆市,七堵區,基隆市|七堵區,民眾黨,TPP,柯文哲,0.271800,8633,31763,0.707300
2024,宜蘭縣,宜蘭市,宜蘭縣|宜蘭市,民進黨,DPP,賴清德,0.408200,22648,55482,0.720500
2024,宜蘭縣,宜蘭市,宜蘭縣|宜蘭市,國民黨,KMT,侯友宜,0.320800,17799,55482,0.720500
2024,宜蘭縣,宜蘭市,宜蘭縣|宜蘭市,民眾黨,TPP,柯文哲,0.271100,15041,55482,0.720500
2024,宜蘭縣,羅東鎮,宜蘭縣|羅東鎮,民進黨,DPP,賴清德,0.453200,18235,40237,0.728700
2024,宜蘭縣,羅東鎮,宜蘭縣|羅東鎮,國民黨,KMT,侯友宜,0.282100,11351,40237,0.728700
2024,宜蘭縣,羅東鎮,宜蘭縣|羅東鎮,民眾黨,TPP,柯文哲,0.264700,10651,40237,0.728700
2024,宜蘭縣,蘇澳鎮,宜蘭縣|蘇澳鎮,民進黨,DPP,賴清德,0.461000,10224,22177,0.684300
2024,宜蘭縣,蘇澳鎮,宜蘭縣|蘇澳鎮,國民黨,KMT,侯友宜,0.291400,6462,22177,0.684300
2024,宜蘭縣,蘇澳鎮,宜蘭縣|蘇澳鎮,民眾黨,TPP,柯文哲,0.247600,5491,22177,0.684300
2024,宜蘭縣,頭城鎮,宜蘭縣|頭城鎮,民進黨,DPP,賴清德,0.383000,6269,16367,0.675100
2024,宜蘭縣,頭城鎮,宜蘭縣|頭城鎮,國民黨,KMT,侯友宜,0.341900,5596,16367,0.675100
2024,宜蘭縣,頭城鎮,宜蘭縣|頭城鎮,民眾黨,TPP,柯文哲,0.275100,4503,16367,0.675100
2024,宜蘭縣,礁溪鄉,宜蘭縣|礁溪鄉,民進黨,DPP,賴清德,0.463100,9922,21426,0.710700
2024,宜蘭縣,礁溪鄉,宜蘭縣|礁溪鄉,國民黨,KMT,侯友宜,0.281900,6040,21426,0.710700
2024,宜蘭縣,礁溪鄉,宜蘭縣|礁溪鄉,民眾黨,TPP,柯文哲,0.255000,5464,21426,0.710700
2024,宜蘭縣,壯圍鄉,宜蘭縣|壯圍鄉,民進黨,DPP,賴清德,0.478600,7111,14858,0.699600
2024,宜蘭縣,壯圍鄉,宜蘭縣|壯圍鄉,國民黨,KMT,侯友宜,0.262600,3902,14858,0.699600
2024,宜蘭縣,壯圍鄉,宜蘭縣|壯圍鄉,民眾黨,TPP,柯文哲,0.258900,3847,14858,0.699600
2024,宜蘭縣,員山鄉,宜蘭縣|員山鄉,民進黨,DPP,賴清德,0.481000,9521,19795,0.710800
2024,宜蘭縣,員山鄉,宜蘭縣|員山鄉,國民黨,KMT,侯友宜,0.258100,5109,19795,0.710800
2024,宜蘭縣,員山鄉,宜蘭縣|員山鄉,民眾黨,TPP,柯文哲,0.260900,5165,19795,0.710800
2024,宜蘭縣,冬山鄉,宜蘭縣|冬山鄉,民進黨,DPP,賴清德,0.496200,16169,32586,0.727100
2024,宜蘭縣,冬山鄉,宜蘭縣|冬山鄉,國民黨,KMT,侯友宜,0.236000,7690,32586,0.727100
2024,宜蘭縣,冬山鄉,宜蘭縣|冬山鄉,民眾黨,TPP,柯文哲,0.267800,8727,32586,0.727100
2024,宜蘭縣,五結鄉,宜蘭縣|五結鄉,民進黨,DPP,賴清德,0.483800,12157,25129,0.711300
2024,宜蘭縣,五結鄉,宜蘭縣|五結鄉,國民黨,KMT,侯友宜,0.244300,6139,25129,0.711300
2024,宜蘭縣,五結鄉,宜蘭縣|五結鄉,民眾黨,TPP,柯文哲,0.271800,6830,25129,0.711300
2024,宜蘭縣,三星鄉,宜蘭縣|三星鄉,民進黨,DPP,賴清德,0.504100,6500,12895,0.688300
2024,宜蘭縣,三星鄉,宜蘭縣|三星鄉,國民黨,KMT,侯友宜,0.266700,3439,12895,0.688300
2024,宜蘭縣,三星鄉,宜蘭縣|三星鄉,民眾黨,TPP,柯文哲,0.229200,2956,12895,0.688300
2024,宜蘭縣,大同鄉,宜蘭縣|大同鄉,民進黨,DPP,賴清德,0.151300,489,3233,0.676900
2024,宜蘭縣,大同鄉,宜蘭縣|大同鄉,國民黨,KMT,侯友宜,0.599100,1937,3233,0.676900
2024,宜蘭縣,大同鄉,宜蘭縣|大同鄉,民眾黨,TPP,柯文哲,0.249600,807,3233,0.676900
2024,宜蘭縣,南澳鄉,宜蘭縣|南澳鄉,民進黨,DPP,賴清德,0.092100,271,2944,0.647500
2024,宜蘭縣,南澳鄉,宜蘭縣|南澳鄉,國民黨,KMT,侯友宜,0.671500,1977,2944,0.647500
2024,宜蘭縣,南澳鄉,宜蘭縣|南澳鄉,民眾黨,TPP,柯文哲,0.236400,696,2944,0.647500
2024,屏東縣,里港鄉,屏東縣|里港鄉,民進黨,DPP,賴清德,0.534600,8368,15652,0.729600
2024,屏東縣,里港鄉,屏東縣|里港鄉,國民黨,KMT,侯友宜,0.239600,3750,15652,0.729600
2024,屏東縣,里港鄉,屏東縣|里港鄉,民眾黨,TPP,柯文哲,0.225700,3533,15652,0.729600
2024,屏東縣,高樹鄉,屏東縣|高樹鄉,民進黨,DPP,賴清德,0.590300,8149,13804,0.685700
2024,屏東縣,高樹鄉,屏東縣|高樹鄉,國民黨,KMT,侯友宜,0.243500,3361,13804,0.685700
2024,屏東縣,高樹鄉,屏東縣|高樹鄉,民眾黨,TPP,柯文哲,0.166300,2296,13804,0.685700
2024,屏東縣,三地門鄉,屏東縣|三地門鄉,民進黨,DPP,賴清德,0.180400,849,4706,0.745200
2024,屏東縣,三地門鄉,屏東縣|三地門鄉,國民黨,KMT,侯友宜,0.586900,2762,4706,0.745200
2024,屏東縣,三地門鄉,屏東縣|三地門鄉,民眾黨,TPP,柯文哲,0.232700,1095,4706,0.745200
2024,屏東縣,霧臺鄉,屏東縣|霧臺鄉,民進黨,DPP,賴清德,0.207900,457,2198,0.781400
2024,屏東縣,霧臺鄉,屏東縣|霧臺鄉,國民黨,KMT,侯友宜,0.586400,1289,2198,0.781400
2024,屏東縣,霧臺鄉,屏東縣|霧臺鄉,民眾黨,TPP,柯文哲,0.205600,452,2198,0.781400
2024,屏東縣,瑪家鄉,屏東縣|瑪家鄉,民進黨,DPP,賴清德,0.168900,720,4263,0.765800
2024,屏東縣,瑪家鄉,屏東縣|瑪家鄉,國民黨,KMT,侯友宜,0.572800,2442,4263,0.765800
2024,屏東縣,瑪家鄉,屏東縣|瑪家鄉,民眾黨,TPP,柯文哲,0.258300,1101,4263,0.765800
2024,屏東縣,九如鄉,屏東縣|九如鄉,民進黨,DPP,賴清德,0.574800,7818,13602,0.730000
2024,屏東縣,九如鄉,屏東縣|九如鄉,國民黨,KMT,侯友宜,0.215400,2930,13602,0.730000
2024,屏東縣,九如鄉,屏東縣|九如鄉,民眾黨,TPP,柯文哲,0.209700,2852,13602,0.730000
2024,屏東縣,鹽埔鄉,屏東縣|鹽埔鄉,民進黨,DPP,賴清德,0.457700,6587,14392,0.690500
2024,屏東縣,鹽埔鄉,屏東縣|鹽埔鄉,國民黨,KMT,侯友宜,0.318200,4580,14392,0.690500
2024,屏東縣,鹽埔鄉,屏東縣|鹽埔鄉,民眾黨,TPP,柯文哲,0.224100,3225,14392,0.690500
2024,屏東縣,長治鄉,屏東縣|長治鄉,民進黨,DPP,賴清德,0.475800,8697,18278,0.718000
2024,屏東縣,長治鄉,屏東縣|長治鄉,國民黨,KMT,侯友宜,0.299000,5465,18278,0.718000
2024,屏東縣,長治鄉,屏東縣|長治鄉,民眾黨,TPP,柯文哲,0.225200,4116,18278,0.718000
2024,屏東縣,麟洛鄉,屏東縣|麟洛鄉,民進黨,DPP,賴清德,0.537100,3825,7122,0.751300
2024,屏東縣,麟洛鄉,屏東縣|麟洛鄉,國民黨,KMT,侯友宜,0.269000,1916,7122,0.751300
2024,屏東縣,麟洛鄉,屏東縣|麟洛鄉,民眾黨,TPP,柯文哲,0.193900,1381,7122,0.751300
2024,屏東縣,屏東市,屏東縣|屏東市,民進黨,DPP,賴清德,0.433400,50347,116168,0.716600
2024,屏東縣,屏東市,屏東縣|屏東市,國民黨,KMT,侯友宜,0.335300,38951,116168,0.716600
2024,屏東縣,屏東市,屏東縣|屏東市,民眾黨,TPP,柯文哲,0.231300,26870,116168,0.716600
2024,屏東縣,內埔鄉,屏東縣|內埔鄉,民進黨,DPP,賴清德,0.499900,15832,31671,0.692900
2024,屏東縣,內埔鄉,屏東縣|內埔鄉,國民黨,KMT,侯友宜,0.285500,9042,31671,0.692900
2024,屏東縣,內埔鄉,屏東縣|內埔鄉,民眾黨,TPP,柯文哲,0.214600,6797,31671,0.692900
2024,屏東縣,萬丹鄉,屏東縣|萬丹鄉,民進黨,DPP,賴清德,0.519500,15685,30193,0.723700
2024,屏東縣,萬丹鄉,屏東縣|萬丹鄉,國民黨,KMT,侯友宜,0.258600,7808,30193,0.723700
2024,屏東縣,萬丹鄉,屏東縣|萬丹鄉,民眾黨,TPP,柯文哲,0.221900,6700,30193,0.723700
2024,屏東縣,泰武鄉,屏東縣|泰武鄉,民進黨,DPP,賴清德,0.161000,518,3217,0.766300
2024,屏東縣,泰武鄉,屏東縣|泰武鄉,國民黨,KMT,侯友宜,0.572300,1841,3217,0.766300
2024,屏東縣,泰武鄉,屏東縣|泰武鄉,民眾黨,TPP,柯文哲,0.266700,858,3217,0.766300
2024,屏東縣,竹田鄉,屏東縣|竹田鄉,民進黨,DPP,賴清德,0.540500,5576,10317,0.729700
2024,屏東縣,竹田鄉,屏東縣|竹田鄉,國民黨,KMT,侯友宜,0.273800,2825,10317,0.729700
2024,屏東縣,竹田鄉,屏東縣|竹田鄉,民眾黨,TPP,柯文哲,0.185700,1916,10317,0.729700
2024,屏東縣,萬巒鄉,屏東縣|萬巒鄉,民進黨,DPP,賴清德,0.557600,6502,11660,0.702000
2024,屏東縣,萬巒鄉,屏東縣|萬巒鄉,國民黨,KMT,侯友宜,0.250900,2925,11660,0.702000
2024,屏東縣,萬巒鄉,屏東縣|萬巒鄉,民眾黨,TPP,柯文哲,0.191400,2232,11660,0.702000
2024,屏東縣,潮州鎮,屏東縣|潮州鎮,民進黨,DPP,賴清德,0.473000,15018,31751,0.701300
2024,屏東縣,潮州鎮,屏東縣|潮州鎮,國民黨,KMT,侯友宜,0.300700,9548,31751,0.701300
2024,屏東縣,潮州鎮,屏東縣|潮州鎮,民眾黨,TPP,柯文哲,0.226200,7182,31751,0.701300
2024,屏東縣,新園鄉,屏東縣|新園鄉,民進黨,DPP,賴清德,0.572300,11650,20357,0.710000
2024,屏東縣,新園鄉,屏東縣|新園鄉,國民黨,KMT,侯友宜,0.227400,4629,20357,0.710000
2024,屏東縣,新園鄉,屏東縣|新園鄉,民眾黨,TPP,柯文哲,0.200200,4075,20357,0.710000
2024,屏東縣,崁頂鄉,屏東縣|崁頂鄉,民進黨,DPP,賴清德,0.548900,4497,8193,0.710200
2024,屏東縣,崁頂鄉,屏東縣|崁頂鄉,國民黨,KMT,侯友宜,0.248500,2036,8193,0.710200
2024,屏東縣,崁頂鄉,屏東縣|崁頂鄉,民眾黨,TPP,柯文哲,0.202600,1660,8193,0.710200
2024,屏東縣,南州鄉,屏東縣|南州鄉,民進黨,DPP,賴清德,0.549200,3434,6253,0.706200
2024,屏東縣,南州鄉,屏東縣|南州鄉,國民黨,KMT,侯友宜,0.262100,1639,6253,0.706200
2024,屏東縣,南州鄉,屏東縣|南州鄉,民眾黨,TPP,柯文哲,0.188700,1180,6253,0.706200
2024,屏東縣,新埤鄉,屏東縣|新埤鄉,民進黨,DPP,賴清德,0.510200,2916,5715,0.681500
2024,屏東縣,新埤鄉,屏東縣|新埤鄉,國民黨,KMT,侯友宜,0.303800,1736,5715,0.681500
2024,屏東縣,新埤鄉,屏東縣|新埤鄉,民眾黨,TPP,柯文哲,0.186000,1063,5715,0.681500
2024,屏東縣,來義鄉,屏東縣|來義鄉,民進黨,DPP,賴清德,0.150500,678,4505,0.746200
2024,屏東縣,來義鄉,屏東縣|來義鄉,國民黨,KMT,侯友宜,0.598900,2698,4505,0.746200
2024,屏東縣,來義鄉,屏東縣|來義鄉,民眾黨,TPP,柯文哲,0.250600,1129,4505,0.746200
2024,屏東縣,東港鎮,屏東縣|東港鎮,民進黨,DPP,賴清德,0.528800,14270,26986,0.711800
2024,屏東縣,東港鎮,屏東縣|東港鎮,國民黨,KMT,侯友宜,0.252400,6811,26986,0.711800
2024,屏東縣,東港鎮,屏東縣|東港鎮,民眾黨,TPP,柯文哲,0.218800,5905,26986,0.711800
2024,屏東縣,林邊鄉,屏東縣|林邊鄉,民進黨,DPP,賴清德,0.558500,5745,10286,0.716600
2024,屏東縣,林邊鄉,屏東縣|林邊鄉,國民黨,KMT,侯友宜,0.266800,2744,10286,0.716600
2024,屏東縣,林邊鄉,屏東縣|林邊鄉,民眾黨,TPP,柯文哲,0.174700,1797,10286,0.716600
2024,屏東縣,佳冬鄉,屏東縣|佳冬鄉,民進黨,DPP,賴清德,0.549900,5962,10842,0.690300
2024,屏東縣,佳冬鄉,屏東縣|佳冬鄉,國民黨,KMT,侯友宜,0.267800,2903,10842,0.690300
2024,屏東縣,佳冬鄉,屏東縣|佳冬鄉,民眾黨,TPP,柯文哲,0.182300,1976,10842,0.690300
2024,屏東縣,枋寮鄉,屏東縣|枋寮鄉,民進黨,DPP,賴清德,0.502900,6794,13509,0.681200
2024,屏東縣,枋寮鄉,屏東縣|枋寮鄉,國民黨,KMT,侯友宜,0.298200,4028,13509,0.681200
2024,屏東縣,枋寮鄉,屏東縣|枋寮鄉,民眾黨,TPP,柯文哲,0.198900,2687,13509,0.681200
2024,屏東縣,春日鄉,屏東縣|春日鄉,民進黨,DPP,賴清德,0.124200,331,2665,0.692300
2024,屏東縣,春日鄉,屏東縣|春日鄉,國民黨,KMT,侯友宜,0.610500,1627,2665,0.692300
2024,屏東縣,春日鄉,屏東縣|春日鄉,民眾黨,TPP,柯文哲,0.265300,707,2665,0.692300
2024,屏東縣,枋山鄉,屏東縣|枋山鄉,民進黨,DPP,賴清德,0.518900,1479,2850,0.638900
2024,屏東縣,枋山鄉,屏東縣|枋山鄉,國民黨,KMT,侯友宜,0.309500,882,2850,0.638900
2024,屏東縣,枋山鄉,屏東縣|枋山鄉,民眾黨,TPP,柯文哲,0.171600,489,2850,0.638900
2024,屏東縣,獅子鄉,屏東縣|獅子鄉,民進黨,DPP,賴清德,0.125900,349,2772,0.687100
2024,屏東縣,獅子鄉,屏東縣|獅子鄉,國民黨,KMT,侯友宜,0.640300,1775,2772,0.687100
2024,屏東縣,獅子鄉,屏東縣|獅子鄉,民眾黨,TPP,柯文哲,0.233800,648,2772,0.687100
2024,屏東縣,牡丹鄉,屏東縣|牡丹鄉,民進黨,DPP,賴清德,0.176600,455,2577,0.648900
2024,屏東縣,牡丹鄉,屏東縣|牡丹鄉,國民黨,KMT,侯友宜,0.597600,1540,2577,0.648900
2024,屏東縣,牡丹鄉,屏東縣|牡丹鄉,民眾黨,TPP,柯文哲,0.225800,582,2577,0.648900
2024,屏東縣,車城鄉,屏東縣|車城鄉,民進黨,DPP,賴清德,0.505300,2258,4469,0.629700
2024,屏東縣,車城鄉,屏東縣|車城鄉,國民黨,KMT,侯友宜,0.304100,1359,4469,0.629700
2024,屏東縣,車城鄉,屏東縣|車城鄉,民眾黨,TPP,柯文哲,0.190600,852,4469,0.629700
2024,屏東縣,滿州鄉,屏東縣|滿州鄉,民進黨,DPP,賴清德,0.481700,1755,3643,0.567200
2024,屏東縣,滿州鄉,屏東縣|滿州鄉,國民黨,KMT,侯友宜,0.331000,1206,3643,0.567200
2024,屏東縣,滿州鄉,屏東縣|滿州鄉,民眾黨,TPP,柯文哲,0.187200,682,3643,0.567200
2024,屏東縣,恆春鎮,屏東縣|恆春鎮,民進黨,DPP,賴清德,0.423700,6362,15015,0.611600
2024,屏東縣,恆春鎮,屏東縣|恆春鎮,國民黨,KMT,侯友宜,0.340500,5113,15015,0.611600
2024,屏東縣,恆春鎮,屏東縣|恆春鎮,民眾黨,TPP,柯文哲,0.235800,3541,15015,0.611600
2024,屏東縣,琉球鄉,屏東縣|琉球鄉,民進黨,DPP,賴清德,0.353400,2225,6296,0.595000
2024,屏東縣,琉球鄉,屏東縣|琉球鄉,國民黨,KMT,侯友宜,0.416500,2622,6296,0.595000
2024,屏東縣,琉球鄉,屏東縣|琉球鄉,民眾黨,TPP,柯文哲,0.230100,1449,6296,0.595000
2024,彰化縣,伸港鄉,彰化縣|伸港鄉,民進黨,DPP,賴清德,0.340200,7613,22377,0.720800
2024,彰化縣,伸港鄉,彰化縣|伸港鄉,國民黨,KMT,侯友宜,0.326700,7311,22377,0.720800
2024,彰化縣,伸港鄉,彰化縣|伸港鄉,民眾黨,TPP,柯文哲,0.333100,7454,22377,0.720800
2024,彰化縣,線西鄉,彰化縣|線西鄉,民進黨,DPP,賴清德,0.309800,3027,9771,0.724000
2024,彰化縣,線西鄉,彰化縣|線西鄉,國民黨,KMT,侯友宜,0.355800,3477,9771,0.724000
2024,彰化縣,線西鄉,彰化縣|線西鄉,民眾黨,TPP,柯文哲,0.334400,3267,9771,0.724000
2024,彰化縣,和美鎮,彰化縣|和美鎮,民進黨,DPP,賴清德,0.363900,19426,53383,0.738600
2024,彰化縣,和美鎮,彰化縣|和美鎮,國民黨,KMT,侯友宜,0.321800,17179,53383,0.738600
2024,彰化縣,和美鎮,彰化縣|和美鎮,民眾黨,TPP,柯文哲,0.314400,16784,53383,0.738600
2024,彰化縣,鹿港鎮,彰化縣|鹿港鎮,民進黨,DPP,賴清德,0.415800,20579,49492,0.729000
2024,彰化縣,鹿港鎮,彰化縣|鹿港鎮,國民黨,KMT,侯友宜,0.298600,14778,49492,0.729000
2024,彰化縣,鹿港鎮,彰化縣|鹿港鎮,民眾黨,TPP,柯文哲,0.285700,14140,49492,0.729000
2024,彰化縣,福興鄉,彰化縣|福興鄉,民進黨,DPP,賴清德,0.415000,11127,26812,0.710000
2024,彰化縣,福興鄉,彰化縣|福興鄉,國民黨,KMT,侯友宜,0.296100,7939,26812,0.710000
2024,彰化縣,福興鄉,彰化縣|福興鄉,民眾黨,TPP,柯文哲,0.288800,7743,26812,0.710000
2024,彰化縣,秀水鄉,彰化縣|秀水鄉,民進黨,DPP,賴清德,0.380100,8864,23320,0.743400
2024,彰化縣,秀水鄉,彰化縣|秀水鄉,國民黨,KMT,侯友宜,0.317100,7395,23320,0.743400
2024,彰化縣,秀水鄉,彰化縣|秀水鄉,民眾黨,TPP,柯文哲,0.302800,7061,23320,0.743400
2024,彰化縣,彰化市,彰化縣|彰化市,民進黨,DPP,賴清德,0.370300,50658,136802,0.745000
2024,彰化縣,彰化市,彰化縣|彰化市,國民黨,KMT,侯友宜,0.334100,45706,136802,0.745000
2024,彰化縣,彰化市,彰化縣|彰化市,民眾黨,TPP,柯文哲,0.295600,40439,136802,0.745000
2024,彰化縣,花壇鄉,彰化縣|花壇鄉,民進黨,DPP,賴清德,0.350700,9554,27243,0.733900
2024,彰化縣,花壇鄉,彰化縣|花壇鄉,國民黨,KMT,侯友宜,0.346900,9451,27243,0.733900
2024,彰化縣,花壇鄉,彰化縣|花壇鄉,民眾黨,TPP,柯文哲,0.302400,8238,27243,0.733900
2024,彰化縣,芬園鄉,彰化縣|芬園鄉,民進黨,DPP,賴清德,0.414800,5696,13731,0.718200
2024,彰化縣,芬園鄉,彰化縣|芬園鄉,國民黨,KMT,侯友宜,0.309700,4252,13731,0.718200
2024,彰化縣,芬園鄉,彰化縣|芬園鄉,民眾黨,TPP,柯文哲,0.275500,3783,13731,0.718200
2024,彰化縣,芳苑鄉,彰化縣|芳苑鄉,民進黨,DPP,賴清德,0.433200,7497,17307,0.642300
2024,彰化縣,芳苑鄉,彰化縣|芳苑鄉,國民黨,KMT,侯友宜,0.326400,5649,17307,0.642300
2024,彰化縣,芳苑鄉,彰化縣|芳苑鄉,民眾黨,TPP,柯文哲,0.240400,4161,17307,0.642300
2024,彰化縣,二林鎮,彰化縣|二林鎮,民進黨,DPP,賴清德,0.359800,9911,27545,0.681800
2024,彰化縣,二林鎮,彰化縣|二林鎮,國民黨,KMT,侯友宜,0.377000,10384,27545,0.681800
2024,彰化縣,二林鎮,彰化縣|二林鎮,民眾黨,TPP,柯文哲,0.263200,7250,27545,0.681800
2024,彰化縣,埔鹽鄉,彰化縣|埔鹽鄉,民進黨,DPP,賴清德,0.332900,6364,19117,0.718500
2024,彰化縣,埔鹽鄉,彰化縣|埔鹽鄉,國民黨,KMT,侯友宜,0.383700,7335,19117,0.718500
2024,彰化縣,埔鹽鄉,彰化縣|埔鹽鄉,民眾黨,TPP,柯文哲,0.283400,5418,19117,0.718500
2024,彰化縣,溪湖鎮,彰化縣|溪湖鎮,民進黨,DPP,賴清德,0.362600,11358,31324,0.726700
2024,彰化縣,溪湖鎮,彰化縣|溪湖鎮,國民黨,KMT,侯友宜,0.340800,10675,31324,0.726700
2024,彰化縣,溪湖鎮,彰化縣|溪湖鎮,民眾黨,TPP,柯文哲,0.296600,9291,31324,0.726700
2024,彰化縣,埔心鄉,彰化縣|埔心鄉,民進黨,DPP,賴清德,0.396300,8340,21044,0.735300
2024,彰化縣,埔心鄉,彰化縣|埔心鄉,國民黨,KMT,侯友宜,0.308200,6486,21044,0.735300
2024,彰化縣,埔心鄉,彰化縣|埔心鄉,民眾黨,TPP,柯文哲,0.295500,6219,21044,0.735300
2024,彰化縣,大城鄉,彰化縣|大城鄉,民進黨,DPP,賴清德,0.377800,3001,7943,0.601800
2024,彰化縣,大城鄉,彰化縣|大城鄉,國民黨,KMT,侯友宜,0.385700,3064,7943,0.601800
2024,彰化縣,大城鄉,彰化縣|大城鄉,民眾黨,TPP,柯文哲,0.236400,1878,7943,0.601800
2024,彰化縣,竹塘鄉,彰化縣|竹塘鄉,民進黨,DPP,賴清德,0.444300,3551,7992,0.673200
2024,彰化縣,竹塘鄉,彰化縣|竹塘鄉,國民黨,KMT,侯友宜,0.309800,2476,7992,0.673200
2024,彰化縣,竹塘鄉,彰化縣|竹塘鄉,民眾黨,TPP,柯文哲,0.245900,1965,7992,0.673200
2024,彰化縣,埤頭鄉,彰化縣|埤頭鄉,民進黨,DPP,賴清德,0.390000,6556,16811,0.692300
2024,彰化縣,埤頭鄉,彰化縣|埤頭鄉,國民黨,KMT,侯友宜,0.327600,5507,16811,0.692300
2024,彰化縣,埤頭鄉,彰化縣|埤頭鄉,民眾黨,TPP,柯文哲,0.282400,4747,16811,0.692300
2024,彰化縣,北斗鎮,彰化縣|北斗鎮,民進黨,DPP,賴清德,0.388300,7642,19680,0.727400
2024,彰化縣,北斗鎮,彰化縣|北斗鎮,國民黨,KMT,侯友宜,0.330000,6494,19680,0.727400
2024,彰化縣,北斗鎮,彰化縣|北斗鎮,民眾黨,TPP,柯文哲,0.281700,5544,19680,0.727400
2024,彰化縣,溪州鄉,彰化縣|溪州鄉,民進黨,DPP,賴清德,0.452800,7675,16951,0.705800
2024,彰化縣,溪州鄉,彰化縣|溪州鄉,國民黨,KMT,侯友宜,0.290800,4929,16951,0.705800
2024,彰化縣,溪州鄉,彰化縣|溪州鄉,民眾黨,TPP,柯文哲,0.256400,4346,16951,0.705800
2024,彰化縣,大村鄉,彰化縣|大村鄉,民進黨,DPP,賴清德,0.372100,9024,24252,0.730600
2024,彰化縣,大村鄉,彰化縣|大村鄉,國民黨,KMT,侯友宜,0.314000,7615,24252,0.730600
2024,彰化縣,大村鄉,彰化縣|大村鄉,民眾黨,TPP,柯文哲,0.313800,7610,24252,0.730600
2024,彰化縣,員林市,彰化縣|員林市,民進黨,DPP,賴清德,0.373800,27276,72970,0.736400
2024,彰化縣,員林市,彰化縣|員林市,國民黨,KMT,侯友宜,0.337700,24642,72970,0.736400
2024,彰化縣,員林市,彰化縣|員林市,民眾黨,TPP,柯文哲,0.288500,21052,72970,0.736400
2024,彰化縣,永靖鄉,彰化縣|永靖鄉,民進黨,DPP,賴清德,0.392200,8485,21634,0.734100
2024,彰化縣,永靖鄉,彰化縣|永靖鄉,國民黨,KMT,侯友宜,0.326200,7057,21634,0.734100
2024,彰化縣,永靖鄉,彰化縣|永靖鄉,民眾黨,TPP,柯文哲,0.281600,6092,21634,0.734100
2024,彰化縣,社頭鄉,彰化縣|社頭鄉,民進黨,DPP,賴清德,0.404200,10220,25284,0.728200
2024,彰化縣,社頭鄉,彰化縣|社頭鄉,國民黨,KMT,侯友宜,0.309400,7823,25284,0.728200
2024,彰化縣,社頭鄉,彰化縣|社頭鄉,民眾黨,TPP,柯文哲,0.286400,7241,25284,0.728200
2024,彰化縣,田尾鄉,彰化縣|田尾鄉,民進黨,DPP,賴清德,0.391900,6230,15896,0.723000
2024,彰化縣,田尾鄉,彰化縣|田尾鄉,國民黨,KMT,侯友宜,0.324100,5152,15896,0.723000
2024,彰化縣,田尾鄉,彰化縣|田尾鄉,民眾黨,TPP,柯文哲,0.284000,4514,15896,0.723000
2024,彰化縣,田中鎮,彰化縣|田中鎮,民進黨,DPP,賴清德,0.381000,9100,23885,0.716500
2024,彰化縣,田中鎮,彰化縣|田中鎮,國民黨,KMT,侯友宜,0.347200,8293,23885,0.716500
2024,彰化縣,田中鎮,彰化縣|田中鎮,民眾黨,TPP,柯文哲,0.271800,6492,23885,0.716500
2024,彰化縣,二水鄉,彰化縣|二水鄉,民進黨,DPP,賴清德,0.425000,3741,8802,0.723300
2024,彰化縣,二水鄉,彰化縣|二水鄉,國民黨,KMT,侯友宜,0.349400,3075,8802,0.723300
2024,彰化縣,二水鄉,彰化縣|二水鄉,民眾黨,TPP,柯文哲,0.225600,1986,8802,0.723300
2024,新北市,石門區,新北市|石門區,民進黨,DPP,賴清德,0.378800,2452,6473,0.680000
2024,新北市,石門區,新北市|石門區,國民黨,KMT,侯友宜,0.389300,2520,6473,0.680000
2024,新北市,石門區,新北市|石門區,民眾黨,TPP,柯文哲,0.231900,1501,6473,0.680000
2024,新北市,三芝區,新北市|三芝區,民進黨,DPP,賴清德,0.370300,4876,13168,0.680200
2024,新北市,三芝區,新北市|三芝區,國民黨,KMT,侯友宜,0.394800,5199,13168,0.680200
2024,新北市,三芝區,新北市|三芝區,民眾黨,TPP,柯文哲,0.234900,3093,13168,0.680200
2024,新北市,淡水區,新北市|淡水區,民進黨,DPP,賴清德,0.362800,42169,116232,0.709200
2024,新北市,淡水區,新北市|淡水區,國民黨,KMT,侯友宜,0.377200,43843,116232,0.709200
2024,新北市,淡水區,新北市|淡水區,民眾黨,TPP,柯文哲,0.260000,30220,116232,0.709200
2024,新北市,八里區,新北市|八里區,民進黨,DPP,賴清德,0.389900,9715,24917,0.703400
2024,新北市,八里區,新北市|八里區,國民黨,KMT,侯友宜,0.343700,8564,24917,0.703400
2024,新北市,八里區,新北市|八里區,民眾黨,TPP,柯文哲,0.266400,6638,24917,0.703400
2024,新北市,林口區,新北市|林口區,民進黨,DPP,賴清德,0.362200,26958,74429,0.730700
2024,新北市,林口區,新北市|林口區,國民黨,KMT,侯友宜,0.353000,26273,74429,0.730700
2024,新北市,林口區,新北市|林口區,民眾黨,TPP,柯文哲,0.284800,21197,74429,0.730700
2024,新北市,泰山區,新北市|泰山區,民進黨,DPP,賴清德,0.397300,18391,46291,0.732500
2024,新北市,泰山區,新北市|泰山區,國民黨,KMT,侯友宜,0.322800,14943,46291,0.732500
2024,新北市,泰山區,新北市|泰山區,民眾黨,TPP,柯文哲,0.279900,12957,46291,0.732500
2024,新北市,五股區,新北市|五股區,民進黨,DPP,賴清德,0.408400,22513,55126,0.711800
2024,新北市,五股區,新北市|五股區,國民黨,KMT,侯友宜,0.303100,16709,55126,0.711800
2024,新北市,五股區,新北市|五股區,民眾黨,TPP,柯文哲,0.288500,15904,55126,0.711800
2024,新北市,蘆洲區,新北市|蘆洲區,民進黨,DPP,賴清德,0.439500,52534,119532,0.722200
2024,新北市,蘆洲區,新北市|蘆洲區,國民黨,KMT,侯友宜,0.276300,33027,119532,0.722200
2024,新北市,蘆洲區,新北市|蘆洲區,民眾黨,TPP,柯文哲,0.284300,33983,119532,0.722200
2024,新北市,三重區,新北市|三重區,民進黨,DPP,賴清德,0.442400,105107,237583,0.732100
2024,新北市,三重區,新北市|三重區,國民黨,KMT,侯友宜,0.293200,69659,237583,0.732100
2024,新北市,三重區,新北市|三重區,民眾黨,TPP,柯文哲,0.264300,62793,237583,0.732100
2024,新北市,新莊區,新北市|新莊區,民進黨,DPP,賴清德,0.416400,105550,253483,0.733400
2024,新北市,新莊區,新北市|新莊區,國民黨,KMT,侯友宜,0.301600,76450,253483,0.733400
2024,新北市,新莊區,新北市|新莊區,民眾黨,TPP,柯文哲,0.282000,71482,253483,0.733400
2024,新北市,樹林區,新北市|樹林區,民進黨,DPP,賴清德,0.406100,43634,107446,0.724200
2024,新北市,樹林區,新北市|樹林區,國民黨,KMT,侯友宜,0.316500,34007,107446,0.724200
2024,新北市,樹林區,新北市|樹林區,民眾黨,TPP,柯文哲,0.277500,29816,107446,0.724200
2024,新北市,鶯歌區,新北市|鶯歌區,民進黨,DPP,賴清德,0.400500,21040,52535,0.716100
2024,新北市,鶯歌區,新北市|鶯歌區,國民黨,KMT,侯友宜,0.311700,16375,52535,0.716100
2024,新北市,鶯歌區,新北市|鶯歌區,民眾黨,TPP,柯文哲,0.287800,15120,52535,0.716100
2024,新北市,板橋區,新北市|板橋區,民進黨,DPP,賴清德,0.411900,139832,339481,0.742300
2024,新北市,板橋區,新北市|板橋區,國民黨,KMT,侯友宜,0.331500,112538,339481,0.742300
2024,新北市,板橋區,新北市|板橋區,民眾黨,TPP,柯文哲,0.256500,87077,339481,0.742300
2024,新北市,中和區,新北市|中和區,民進黨,DPP,賴清德,0.338200,87482,258668,0.744100
2024,新北市,中和區,新北市|中和區,國民黨,KMT,侯友宜,0.409400,105899,258668,0.744100
2024,新北市,中和區,新北市|中和區,民眾黨,TPP,柯文哲,0.252500,65314,258668,0.744100
2024,新北市,永和區,新北市|永和區,民進黨,DPP,賴清德,0.319200,42484,133094,0.741500
2024,新北市,永和區,新北市|永和區,國民黨,KMT,侯友宜,0.446400,59413,133094,0.741500
2024,新北市,永和區,新北市|永和區,民眾黨,TPP,柯文哲,0.234500,31211,133094,0.741500
2024,新北市,土城區,新北市|土城區,民進黨,DPP,賴清德,0.391100,57147,146118,0.727000
2024,新北市,土城區,新北市|土城區,國民黨,KMT,侯友宜,0.330900,48350,146118,0.727000
2024,新北市,土城區,新北市|土城區,民眾黨,TPP,柯文哲,0.277900,40606,146118,0.727000
2024,新北市,三峽區,新北市|三峽區,民進黨,DPP,賴清德,0.383100,25492,66541,0.708000
2024,新北市,三峽區,新北市|三峽區,國民黨,KMT,侯友宜,0.341700,22737,66541,0.708000
2024,新北市,三峽區,新北市|三峽區,民眾黨,TPP,柯文哲,0.275200,18312,66541,0.708000
2024,新北市,新店區,新北市|新店區,民進黨,DPP,賴清德,0.305100,58450,191577,0.727800
2024,新北市,新店區,新北市|新店區,國民黨,KMT,侯友宜,0.459200,87972,191577,0.727800
2024,新北市,新店區,新北市|新店區,民眾黨,TPP,柯文哲,0.235700,45155,191577,0.727800
2024,新北市,深坑區,新北市|深坑區,民進黨,DPP,賴清德,0.377800,5570,14742,0.718300
2024,新北市,深坑區,新北市|深坑區,國民黨,KMT,侯友宜,0.378800,5584,14742,0.718300
2024,新北市,深坑區,新北市|深坑區,民眾黨,TPP,柯文哲,0.243400,3588,14742,0.718300
2024,新北市,石碇區,新北市|石碇區,民進黨,DPP,賴清德,0.482300,2164,4487,0.699300
2024,新北市,石碇區,新北市|石碇區,國民黨,KMT,侯友宜,0.329600,1479,4487,0.699300
2024,新北市,石碇區,新北市|石碇區,民眾黨,TPP,柯文哲,0.188100,844,4487,0.699300
2024,新北市,坪林區,新北市|坪林區,民進黨,DPP,賴清德,0.508500,2029,3990,0.690000
2024,新北市,坪林區,新北市|坪林區,國民黨,KMT,侯友宜,0.319500,1275,3990,0.690000
2024,新北市,坪林區,新北市|坪林區,民眾黨,TPP,柯文哲,0.171900,686,3990,0.690000
2024,新北市,烏來區,新北市|烏來區,民進黨,DPP,賴清德,0.297300,1042,3505,0.688600
2024,新北市,烏來區,新北市|烏來區,國民黨,KMT,侯友宜,0.457600,1604,3505,0.688600
2024,新北市,烏來區,新北市|烏來區,民眾黨,TPP,柯文哲,0.245100,859,3505,0.688600
2024,新北市,金山區,新北市|金山區,民進黨,DPP,賴清德,0.456900,5588,12230,0.684000
2024,新北市,金山區,新北市|金山區,國民黨,KMT,侯友宜,0.319300,3905,12230,0.684000
2024,新北市,金山區,新北市|金山區,民眾黨,TPP,柯文哲,0.223800,2737,12230,0.684000
2024,新北市,萬里區,新北市|萬里區,民進黨,DPP,賴清德,0.471400,5739,12175,0.665600
2024,新北市,萬里區,新北市|萬里區,國民黨,KMT,侯友宜,0.334500,4073,12175,0.665600
2024,新北市,萬里區,新北市|萬里區,民眾黨,TPP,柯文哲,0.194200,2364,12175,0.665600
2024,新北市,汐止區,新北市|汐止區,民進黨,DPP,賴清德,0.360100,46604,129419,0.720600
2024,新北市,汐止區,新北市|汐止區,國民黨,KMT,侯友宜,0.377300,48830,129419,0.720600
2024,新北市,汐止區,新北市|汐止區,民眾黨,TPP,柯文哲,0.262600,33985,129419,0.720600
2024,新北市,平溪區,新北市|平溪區,民進黨,DPP,賴清德,0.445500,1125,2525,0.658700
2024,新北市,平溪區,新北市|平溪區,國民黨,KMT,侯友宜,0.402000,1015,2525,0.658700
2024,新北市,平溪區,新北市|平溪區,民眾黨,TPP,柯文哲,0.152500,385,2525,0.658700
2024,新北市,瑞芳區,新北市|瑞芳區,民進黨,DPP,賴清德,0.358800,7793,21719,0.667600
2024,新北市,瑞芳區,新北市|瑞芳區,國民黨,KMT,侯友宜,0.394800,8575,21719,0.667600
2024,新北市,瑞芳區,新北市|瑞芳區,民眾黨,TPP,柯文哲,0.246500,5354,21719,0.667600
2024,新北市,雙溪區,新北市|雙溪區,民進黨,DPP,賴清德,0.408800,1925,4709,0.660300
2024,新北市,雙溪區,新北市|雙溪區,國民黨,KMT,侯友宜,0.403100,1898,4709,0.660300
2024,新北市,雙溪區,新北市|雙溪區,民眾黨,TPP,柯文哲,0.188200,886,4709,0.660300
2024,新北市,貢寮區,新北市|貢寮區,民進黨,DPP,賴清德,0.540300,3396,6285,0.621800
2024,新北市,貢寮區,新北市|貢寮區,國民黨,KMT,侯友宜,0.291500,1832,6285,0.621800
2024,新北市,貢寮區,新北市|貢寮區,民眾黨,TPP,柯文哲,0.168200,1057,6285,0.621800
2024,新竹市,東區,新竹市|東區,民進黨,DPP,賴清德,0.329100,41714,126753,0.757600
2024,新竹市,東區,新竹市|東區,國民黨,KMT,侯友宜,0.321100,40700,126753,0.757600
2024,新竹市,東區,新竹市|東區,民眾黨,TPP,柯文哲,0.349700,44326,126753,0.757600
2024,新竹市,北區,新竹市|北區,民進黨,DPP,賴清德,0.358000,32900,91900,0.737900
2024,新竹市,北區,新竹市|北區,國民黨,KMT,侯友宜,0.307300,28241,91900,0.737900
2024,新竹市,北區,新竹市|北區,民眾黨,TPP,柯文哲,0.334600,30750,91900,0.737900
2024,新竹市,香山區,新竹市|香山區,民進黨,DPP,賴清德,0.378400,18063,47736,0.731300
2024,新竹市,香山區,新竹市|香山區,國民黨,KMT,侯友宜,0.280200,13376,47736,0.731300
2024,新竹市,香山區,新竹市|香山區,民眾黨,TPP,柯文哲,0.341500,16302,47736,0.731300
2024,新竹縣,竹北市,新竹縣|竹北市,民進黨,DPP,賴清德,0.309900,37154,119889,0.769200
2024,新竹縣,竹北市,新竹縣|竹北市,國民黨,KMT,侯友宜,0.306800,36782,119889,0.769200
2024,新竹縣,竹北市,新竹縣|竹北市,民眾黨,TPP,柯文哲,0.383300,45953,119889,0.769200
2024,新竹縣,竹東鎮,新竹縣|竹東鎮,民進黨,DPP,賴清德,0.230300,12998,56440,0.719800
2024,新竹縣,竹東鎮,新竹縣|竹東鎮,國民黨,KMT,侯友宜,0.413400,23332,56440,0.719800
2024,新竹縣,竹東鎮,新竹縣|竹東鎮,民眾黨,TPP,柯文哲,0.356300,20110,56440,0.719800
2024,新竹縣,新埔鎮,新竹縣|新埔鎮,民進黨,DPP,賴清德,0.300100,6298,20986,0.727600
2024,新竹縣,新埔鎮,新竹縣|新埔鎮,國民黨,KMT,侯友宜,0.373800,7845,20986,0.727600
2024,新竹縣,新埔鎮,新竹縣|新埔鎮,民眾黨,TPP,柯文哲,0.326100,6844,20986,0.727600
2024,新竹縣,關西鎮,新竹縣|關西鎮,民進黨,DPP,賴清德,0.283800,4691,16530,0.717800
2024,新竹縣,關西鎮,新竹縣|關西鎮,國民黨,KMT,侯友宜,0.439100,7258,16530,0.717800
2024,新竹縣,關西鎮,新竹縣|關西鎮,民眾黨,TPP,柯文哲,0.277000,4579,16530,0.717800
2024,新竹縣,湖口鄉,新竹縣|湖口鄉,民進黨,DPP,賴清德,0.249800,11893,47610,0.717000
2024,新竹縣,湖口鄉,新竹縣|湖口鄉,國民黨,KMT,侯友宜,0.388600,18501,47610,0.717000
2024,新竹縣,湖口鄉,新竹縣|湖口鄉,民眾黨,TPP,柯文哲,0.361700,17221,47610,0.717000
2024,新竹縣,新豐鄉,新竹縣|新豐鄉,民進黨,DPP,賴清德,0.276100,9286,33634,0.718800
2024,新竹縣,新豐鄉,新竹縣|新豐鄉,國民黨,KMT,侯友宜,0.351100,11809,33634,0.718800
2024,新竹縣,新豐鄉,新竹縣|新豐鄉,民眾黨,TPP,柯文哲,0.372800,12539,33634,0.718800
2024,新竹縣,芎林鄉,新竹縣|芎林鄉,民進黨,DPP,賴清德,0.251000,3235,12889,0.735000
2024,新竹縣,芎林鄉,新竹縣|芎林鄉,國民黨,KMT,侯友宜,0.415800,5359,12889,0.735000
2024,新竹縣,芎林鄉,新竹縣|芎林鄉,民眾黨,TPP,柯文哲,0.333200,4295,12889,0.735000
2024,新竹縣,橫山鄉,新竹縣|橫山鄉,民進黨,DPP,賴清德,0.232100,1755,7563,0.710800
2024,新竹縣,橫山鄉,新竹縣|橫山鄉,國民黨,KMT,侯友宜,0.481000,3638,7563,0.710800
2024,新竹縣,橫山鄉,新竹縣|橫山鄉,民眾黨,TPP,柯文哲,0.286900,2170,7563,0.710800
2024,新竹縣,北埔鄉,新竹縣|北埔鄉,民進黨,DPP,賴清德,0.235800,1263,5357,0.713200
2024,新竹縣,北埔鄉,新竹縣|北埔鄉,國民黨,KMT,侯友宜,0.464800,2490,5357,0.713200
2024,新竹縣,北埔鄉,新竹縣|北埔鄉,民眾黨,TPP,柯文哲,0.299400,1604,5357,0.713200
2024,新竹縣,寶山鄉,新竹縣|寶山鄉,民進黨,DPP,賴清德,0.275400,2570,9332,0.732300
2024,新竹縣,寶山鄉,新竹縣|寶山鄉,國民黨,KMT,侯友宜,0.398600,3720,9332,0.732300
2024,新竹縣,寶山鄉,新竹縣|寶山鄉,民眾黨,TPP,柯文哲,0.326000,3042,9332,0.732300
2024,新竹縣,峨眉鄉,新竹縣|峨眉鄉,民進黨,DPP,賴清德,0.301900,1022,3385,0.728400
2024,新竹縣,峨眉鄉,新竹縣|峨眉鄉,國民黨,KMT,侯友宜,0.450500,1525,3385,0.728400
2024,新竹縣,峨眉鄉,新竹縣|峨眉鄉,民眾黨,TPP,柯文哲,0.247600,838,3385,0.728400
2024,新竹縣,尖石鄉,新竹縣|尖石鄉,民進黨,DPP,賴清德,0.172700,750,4343,0.610800
2024,新竹縣,尖石鄉,新竹縣|尖石鄉,國民黨,KMT,侯友宜,0.541800,2353,4343,0.610800
2024,新竹縣,尖石鄉,新竹縣|尖石鄉,民眾黨,TPP,柯文哲,0.285500,1240,4343,0.610800
2024,新竹縣,五峰鄉,新竹縣|五峰鄉,民進黨,DPP,賴清德,0.167500,394,2352,0.638300
2024,新竹縣,五峰鄉,新竹縣|五峰鄉,國民黨,KMT,侯友宜,0.596900,1404,2352,0.638300
2024,新竹縣,五峰鄉,新竹縣|五峰鄉,民眾黨,TPP,柯文哲,0.235500,554,2352,0.638300
2024,桃園市,蘆竹區,桃園市|蘆竹區,民進黨,DPP,賴清德,0.399300,38764,97079,0.725900
2024,桃園市,蘆竹區,桃園市|蘆竹區,國民黨,KMT,侯友宜,0.300700,29192,97079,0.725900
2024,桃園市,蘆竹區,桃園市|蘆竹區,民眾黨,TPP,柯文哲,0.300000,29124,97079,0.725900
2024,桃園市,龜山區,桃園市|龜山區,民進黨,DPP,賴清德,0.366200,38230,104396,0.711700
2024,桃園市,龜山區,桃園市|龜山區,國民黨,KMT,侯友宜,0.322200,33636,104396,0.711700
2024,桃園市,龜山區,桃園市|龜山區,民眾黨,TPP,柯文哲,0.311700,32540,104396,0.711700
2024,桃園市,桃園區,桃園市|桃園區,民進黨,DPP,賴清德,0.366100,100082,273373,0.724400
2024,桃園市,桃園區,桃園市|桃園區,國民黨,KMT,侯友宜,0.334700,91498,273373,0.724400
2024,桃園市,桃園區,桃園市|桃園區,民眾黨,TPP,柯文哲,0.299200,81793,273373,0.724400
2024,桃園市,大園區,桃園市|大園區,民進黨,DPP,賴清德,0.406000,20051,49386,0.705900
2024,桃園市,大園區,桃園市|大園區,國民黨,KMT,侯友宜,0.287100,14179,49386,0.705900
2024,桃園市,大園區,桃園市|大園區,民眾黨,TPP,柯文哲,0.306900,15157,49386,0.705900
2024,桃園市,觀音區,桃園市|觀音區,民進黨,DPP,賴清德,0.411800,17320,42060,0.693800
2024,桃園市,觀音區,桃園市|觀音區,國民黨,KMT,侯友宜,0.273000,11482,42060,0.693800
2024,桃園市,觀音區,桃園市|觀音區,民眾黨,TPP,柯文哲,0.315100,13253,42060,0.693800
2024,桃園市,新屋區,桃園市|新屋區,民進黨,DPP,賴清德,0.407000,12268,30143,0.730600
2024,桃園市,新屋區,桃園市|新屋區,國民黨,KMT,侯友宜,0.310400,9356,30143,0.730600
2024,桃園市,新屋區,桃園市|新屋區,民眾黨,TPP,柯文哲,0.282600,8518,30143,0.730600
2024,桃園市,楊梅區,桃園市|楊梅區,民進黨,DPP,賴清德,0.315500,32753,103814,0.717400
2024,桃園市,楊梅區,桃園市|楊梅區,國民黨,KMT,侯友宜,0.356100,36968,103814,0.717400
2024,桃園市,楊梅區,桃園市|楊梅區,民眾黨,TPP,柯文哲,0.328400,34093,103814,0.717400
2024,桃園市,中壢區,桃園市|中壢區,民進黨,DPP,賴清德,0.325700,82930,254621,0.732800
2024,桃園市,中壢區,桃園市|中壢區,國民黨,KMT,侯友宜,0.365000,92937,254621,0.732800
2024,桃園市,中壢區,桃園市|中壢區,民眾黨,TPP,柯文哲,0.309300,78754,254621,0.732800
2024,桃園市,平鎮區,桃園市|平鎮區,民進黨,DPP,賴清德,0.331200,45025,135944,0.736500
2024,桃園市,平鎮區,桃園市|平鎮區,國民黨,KMT,侯友宜,0.353200,48015,135944,0.736500
2024,桃園市,平鎮區,桃園市|平鎮區,民眾黨,TPP,柯文哲,0.315600,42904,135944,0.736500
2024,桃園市,龍潭區,桃園市|龍潭區,民進黨,DPP,賴清德,0.307400,22946,74646,0.719800
2024,桃園市,龍潭區,桃園市|龍潭區,國民黨,KMT,侯友宜,0.389700,29090,74646,0.719800
2024,桃園市,龍潭區,桃園市|龍潭區,民眾黨,TPP,柯文哲,0.302900,22610,74646,0.719800
2024,桃園市,八德區,桃園市|八德區,民進黨,DPP,賴清德,0.342900,42424,123720,0.719300
2024,桃園市,八德區,桃園市|八德區,國民黨,KMT,侯友宜,0.350400,43351,123720,0.719300
2024,桃園市,八德區,桃園市|八德區,民眾黨,TPP,柯文哲,0.306700,37945,123720,0.719300
2024,桃園市,大溪區,桃園市|大溪區,民進黨,DPP,賴清德,0.402100,22231,55288,0.709000
2024,桃園市,大溪區,桃園市|大溪區,國民黨,KMT,侯友宜,0.323700,17897,55288,0.709000
2024,桃園市,大溪區,桃園市|大溪區,民眾黨,TPP,柯文哲,0.274300,15165,55288,0.709000
2024,桃園市,復興區,桃園市|復興區,民進黨,DPP,賴清德,0.226800,1434,6322,0.617300
2024,桃園市,復興區,桃園市|復興區,國民黨,KMT,侯友宜,0.509600,3222,6322,0.617300
2024,桃園市,復興區,桃園市|復興區,民眾黨,TPP,柯文哲,0.263500,1666,6322,0.617300
2024,澎湖縣,馬公市,澎湖縣|馬公市,民進黨,DPP,賴清德,0.361600,11299,31246,0.584000
2024,澎湖縣,馬公市,澎湖縣|馬公市,國民黨,KMT,侯友宜,0.377100,11783,31246,0.584000
2024,澎湖縣,馬公市,澎湖縣|馬公市,民眾黨,TPP,柯文哲,0.261200,8161,31246,0.584000
2024,澎湖縣,湖西鄉,澎湖縣|湖西鄉,民進黨,DPP,賴清德,0.438600,3428,7816,0.558800
2024,澎湖縣,湖西鄉,澎湖縣|湖西鄉,國民黨,KMT,侯友宜,0.311400,2434,7816,0.558800
2024,澎湖縣,湖西鄉,澎湖縣|湖西鄉,民眾黨,TPP,柯文哲,0.250000,1954,7816,0.558800
2024,澎湖縣,白沙鄉,澎湖縣|白沙鄉,民進黨,DPP,賴清德,0.398400,1624,4076,0.460600
2024,澎湖縣,白沙鄉,澎湖縣|白沙鄉,國民黨,KMT,侯友宜,0.400100,1631,4076,0.460600
2024,澎湖縣,白沙鄉,澎湖縣|白沙鄉,民眾黨,TPP,柯文哲,0.201400,821,4076,0.460600
2024,澎湖縣,西嶼鄉,澎湖縣|西嶼鄉,民進黨,DPP,賴清德,0.428900,1519,3542,0.486700
2024,澎湖縣,西嶼鄉,澎湖縣|西嶼鄉,國民黨,KMT,侯友宜,0.361400,1280,3542,0.486700
2024,澎湖縣,西嶼鄉,澎湖縣|西嶼鄉,民眾黨,TPP,柯文哲,0.209800,743,3542,0.486700
2024,澎湖縣,望安鄉,澎湖縣|望安鄉,民進黨,DPP,賴清德,0.505300,764,1512,0.318200
2024,澎湖縣,望安鄉,澎湖縣|望安鄉,國民黨,KMT,侯友宜,0.311500,471,1512,0.318200
2024,澎湖縣,望安鄉,澎湖縣|望安鄉,民眾黨,TPP,柯文哲,0.183200,277,1512,0.318200
2024,澎湖縣,七美鄉,澎湖縣|七美鄉,民進黨,DPP,賴清德,0.358500,389,1085,0.322300
2024,澎湖縣,七美鄉,澎湖縣|七美鄉,國民黨,KMT,侯友宜,0.416600,452,1085,0.322300
2024,澎湖縣,七美鄉,澎湖縣|七美鄉,民眾黨,TPP,柯文哲,0.224900,244,1085,0.322300
2024,臺中市,大甲區,臺中市|大甲區,民進黨,DPP,賴清德,0.378700,16753,44237,0.734800
2024,臺中市,大甲區,臺中市|大甲區,國民黨,KMT,侯友宜,0.310500,13736,44237,0.734800
2024,臺中市,大甲區,臺中市|大甲區,民眾黨,TPP,柯文哲,0.310800,13749,44237,0.734800
2024,臺中市,大安區,臺中市|大安區,民進黨,DPP,賴清德,0.384300,4308,11210,0.720200
2024,臺中市,大安區,臺中市|大安區,國民黨,KMT,侯友宜,0.306900,3440,11210,0.720200
2024,臺中市,大安區,臺中市|大安區,民眾黨,TPP,柯文哲,0.308800,3462,11210,0.720200
2024,臺中市,外埔區,臺中市|外埔區,民進黨,DPP,賴清德,0.336200,6437,19147,0.737500
2024,臺中市,外埔區,臺中市|外埔區,國民黨,KMT,侯友宜,0.342600,6560,19147,0.737500
2024,臺中市,外埔區,臺中市|外埔區,民眾黨,TPP,柯文哲,0.321200,6150,19147,0.737500
2024,臺中市,清水區,臺中市|清水區,民進黨,DPP,賴清德,0.404800,21711,53635,0.729600
2024,臺中市,清水區,臺中市|清水區,國民黨,KMT,侯友宜,0.293600,15747,53635,0.729600
2024,臺中市,清水區,臺中市|清水區,民眾黨,TPP,柯文哲,0.301600,16176,53635,0.729600
2024,臺中市,梧棲區,臺中市|梧棲區,民進黨,DPP,賴清德,0.382200,13515,35360,0.727000
2024,臺中市,梧棲區,臺中市|梧棲區,國民黨,KMT,侯友宜,0.295400,10445,35360,0.727000
2024,臺中市,梧棲區,臺中市|梧棲區,民眾黨,TPP,柯文哲,0.322400,11400,35360,0.727000
2024,臺中市,沙鹿區,臺中市|沙鹿區,民進黨,DPP,賴清德,0.358300,20930,58416,0.757400
2024,臺中市,沙鹿區,臺中市|沙鹿區,國民黨,KMT,侯友宜,0.315500,18430,58416,0.757400
2024,臺中市,沙鹿區,臺中市|沙鹿區,民眾黨,TPP,柯文哲,0.326200,19055,58416,0.757400
2024,臺中市,龍井區,臺中市|龍井區,民進黨,DPP,賴清德,0.364100,17219,47292,0.741600
2024,臺中市,龍井區,臺中市|龍井區,國民黨,KMT,侯友宜,0.315500,14921,47292,0.741600
2024,臺中市,龍井區,臺中市|龍井區,民眾黨,TPP,柯文哲,0.320400,15152,47292,0.741600
2024,臺中市,大肚區,臺中市|大肚區,民進黨,DPP,賴清德,0.370800,12838,34623,0.746900
2024,臺中市,大肚區,臺中市|大肚區,國民黨,KMT,侯友宜,0.334500,11581,34623,0.746900
2024,臺中市,大肚區,臺中市|大肚區,民眾黨,TPP,柯文哲,0.294700,10203,34623,0.746900
2024,臺中市,烏日區,臺中市|烏日區,民進黨,DPP,賴清德,0.380700,18702,49125,0.758400
2024,臺中市,烏日區,臺中市|烏日區,國民黨,KMT,侯友宜,0.311800,15317,49125,0.758400
2024,臺中市,烏日區,臺中市|烏日區,民眾黨,TPP,柯文哲,0.307500,15106,49125,0.758400
2024,臺中市,霧峰區,臺中市|霧峰區,民進黨,DPP,賴清德,0.385900,15470,40088,0.748900
2024,臺中市,霧峰區,臺中市|霧峰區,國民黨,KMT,侯友宜,0.331400,13285,40088,0.748900
2024,臺中市,霧峰區,臺中市|霧峰區,民眾黨,TPP,柯文哲,0.282600,11329,40088,0.748900
2024,臺中市,后里區,臺中市|后里區,民進黨,DPP,賴清德,0.358500,11659,32523,0.742800
2024,臺中市,后里區,臺中市|后里區,國民黨,KMT,侯友宜,0.335700,10918,32523,0.742800
2024,臺中市,后里區,臺中市|后里區,民眾黨,TPP,柯文哲,0.305800,9946,32523,0.742800
2024,臺中市,神岡區,臺中市|神岡區,民進黨,DPP,賴清德,0.418700,16636,39733,0.748100
2024,臺中市,神岡區,臺中市|神岡區,國民黨,KMT,侯友宜,0.285800,11356,39733,0.748100
2024,臺中市,神岡區,臺中市|神岡區,民眾黨,TPP,柯文哲,0.295500,11741,39733,0.748100
2024,臺中市,大雅區,臺中市|大雅區,民進黨,DPP,賴清德,0.361300,20479,56681,0.739500
2024,臺中市,大雅區,臺中市|大雅區,國民黨,KMT,侯友宜,0.323800,18353,56681,0.739500
2024,臺中市,大雅區,臺中市|大雅區,民眾黨,TPP,柯文哲,0.314900,17849,56681,0.739500
2024,臺中市,潭子區,臺中市|潭子區,民進黨,DPP,賴清德,0.376100,24935,66300,0.743000
2024,臺中市,潭子區,臺中市|潭子區,國民黨,KMT,侯友宜,0.315800,20938,66300,0.743000
2024,臺中市,潭子區,臺中市|潭子區,民眾黨,TPP,柯文哲,0.308100,20427,66300,0.743000
2024,臺中市,西屯區,臺中市|西屯區,民進黨,DPP,賴清德,0.360000,49608,137799,0.733700
2024,臺中市,西屯區,臺中市|西屯區,國民黨,KMT,侯友宜,0.338400,46631,137799,0.733700
2024,臺中市,西屯區,臺中市|西屯區,民眾黨,TPP,柯文哲,0.301600,41560,137799,0.733700
2024,臺中市,南屯區,臺中市|南屯區,民進黨,DPP,賴清德,0.374500,40321,107666,0.750800
2024,臺中市,南屯區,臺中市|南屯區,國民黨,KMT,侯友宜,0.325000,34991,107666,0.750800
2024,臺中市,南屯區,臺中市|南屯區,民眾黨,TPP,柯文哲,0.300500,32354,107666,0.750800
2024,臺中市,北屯區,臺中市|北屯區,民進黨,DPP,賴清德,0.354800,64399,181508,0.740300
2024,臺中市,北屯區,臺中市|北屯區,國民黨,KMT,侯友宜,0.338100,61368,181508,0.740300
2024,臺中市,北屯區,臺中市|北屯區,民眾黨,TPP,柯文哲,0.307100,55741,181508,0.740300
2024,臺中市,北區,臺中市|北區,民進黨,DPP,賴清德,0.371200,32570,87743,0.724900
2024,臺中市,北區,臺中市|北區,國民黨,KMT,侯友宜,0.350700,30771,87743,0.724900
2024,臺中市,北區,臺中市|北區,民眾黨,TPP,柯文哲,0.278100,24401,87743,0.724900
2024,臺中市,西區,臺中市|西區,民進黨,DPP,賴清德,0.403900,27636,68422,0.743000
2024,臺中市,西區,臺中市|西區,國民黨,KMT,侯友宜,0.330300,22600,68422,0.743000
2024,臺中市,西區,臺中市|西區,民眾黨,TPP,柯文哲,0.265800,18187,68422,0.743000
2024,臺中市,中區,臺中市|中區,民進黨,DPP,賴清德,0.425800,4022,9446,0.685500
2024,臺中市,中區,臺中市|中區,國民黨,KMT,侯友宜,0.332100,3137,9446,0.685500
2024,臺中市,中區,臺中市|中區,民眾黨,TPP,柯文哲,0.242100,2287,9446,0.685500
2024,臺中市,東區,臺中市|東區,民進黨,DPP,賴清德,0.403900,19285,47747,0.741700
2024,臺中市,東區,臺中市|東區,國民黨,KMT,侯友宜,0.309600,14782,47747,0.741700
2024,臺中市,東區,臺中市|東區,民眾黨,TPP,柯文哲,0.286500,13680,47747,0.741700
2024,臺中市,南區,臺中市|南區,民進黨,DPP,賴清德,0.375800,29477,78438,0.750300
2024,臺中市,南區,臺中市|南區,國民黨,KMT,侯友宜,0.319900,25092,78438,0.750300
2024,臺中市,南區,臺中市|南區,民眾黨,TPP,柯文哲,0.304300,23869,78438,0.750300
2024,臺中市,太平區,臺中市|太平區,民進黨,DPP,賴清德,0.373500,43024,115192,0.713700
2024,臺中市,太平區,臺中市|太平區,國民黨,KMT,侯友宜,0.313300,36090,115192,0.713700
2024,臺中市,太平區,臺中市|太平區,民眾黨,TPP,柯文哲,0.313200,36078,115192,0.713700
2024,臺中市,大里區,臺中市|大里區,民進黨,DPP,賴清德,0.386700,48568,125596,0.733600
2024,臺中市,大里區,臺中市|大里區,國民黨,KMT,侯友宜,0.299400,37603,125596,0.733600
2024,臺中市,大里區,臺中市|大里區,民眾黨,TPP,柯文哲,0.313800,39412,125596,0.733600
2024,臺中市,豐原區,臺中市|豐原區,民進黨,DPP,賴清德,0.405800,40654,100183,0.753500
2024,臺中市,豐原區,臺中市|豐原區,國民黨,KMT,侯友宜,0.307500,30806,100183,0.753500
2024,臺中市,豐原區,臺中市|豐原區,民眾黨,TPP,柯文哲,0.286600,28712,100183,0.753500
2024,臺中市,石岡區,臺中市|石岡區,民進黨,DPP,賴清德,0.362100,3253,8983,0.743700
2024,臺中市,石岡區,臺中市|石岡區,國民黨,KMT,侯友宜,0.380300,3416,8983,0.743700
2024,臺中市,石岡區,臺中市|石岡區,民眾黨,TPP,柯文哲,0.257600,2314,8983,0.743700
2024,臺中市,新社區,臺中市|新社區,民進黨,DPP,賴清德,0.386400,5570,14416,0.731300
2024,臺中市,新社區,臺中市|新社區,國民黨,KMT,侯友宜,0.358800,5172,14416,0.731300
2024,臺中市,新社區,臺中市|新社區,民眾黨,TPP,柯文哲,0.254800,3673,14416,0.731300
2024,臺中市,東勢區,臺中市|東勢區,民進黨,DPP,賴清德,0.344500,10193,29589,0.728300
2024,臺中市,東勢區,臺中市|東勢區,國民黨,KMT,侯友宜,0.401400,11877,29589,0.728300
2024,臺中市,東勢區,臺中市|東勢區,民眾黨,TPP,柯文哲,0.254100,7519,29589,0.728300
2024,臺中市,和平區,臺中市|和平區,民進黨,DPP,賴清德,0.234100,1429,6105,0.661200
2024,臺中市,和平區,臺中市|和平區,國民黨,KMT,侯友宜,0.523700,3197,6105,0.661200
2024,臺中市,和平區,臺中市|和平區,民眾黨,TPP,柯文哲,0.242300,1479,6105,0.661200
2024,臺北市,北投區,臺北市|北投區,民進黨,DPP,賴清德,0.411000,61150,148783,0.742600
2024,臺北市,北投區,臺北市|北投區,國民黨,KMT,侯友宜,0.347200,51657,148783,0.742600
2024,臺北市,北投區,臺北市|北投區,民眾黨,TPP,柯文哲,0.241800,35976,148783,0.742600
2024,臺北市,士林區,臺北市|士林區,民進黨,DPP,賴清德,0.432800,71866,166048,0.743900
2024,臺北市,士林區,臺北市|士林區,國民黨,KMT,侯友宜,0.339600,56390,166048,0.743900
2024,臺北市,士林區,臺北市|士林區,民眾黨,TPP,柯文哲,0.227500,37776,166048,0.743900
2024,臺北市,大同區,臺北市|大同區,民進黨,DPP,賴清德,0.462400,34267,74106,0.741500
2024,臺北市,大同區,臺北市|大同區,國民黨,KMT,侯友宜,0.288100,21350,74106,0.741500
2024,臺北市,大同區,臺北市|大同區,民眾黨,TPP,柯文哲,0.249400,18482,74106,0.741500
2024,臺北市,中山區,臺北市|中山區,民進黨,DPP,賴清德,0.408600,54448,133254,0.731900
2024,臺北市,中山區,臺北市|中山區,國民黨,KMT,侯友宜,0.364600,48584,133254,0.731900
2024,臺北市,中山區,臺北市|中山區,民眾黨,TPP,柯文哲,0.226800,30222,133254,0.731900
2024,臺北市,松山區,臺北市|松山區,民進黨,DPP,賴清德,0.373200,43785,117322,0.749900
2024,臺北市,松山區,臺北市|松山區,國民黨,KMT,侯友宜,0.404500,47457,117322,0.749900
2024,臺北市,松山區,臺北市|松山區,民眾黨,TPP,柯文哲,0.222400,26092,117322,0.749900
2024,臺北市,內湖區,臺北市|內湖區,民進黨,DPP,賴清德,0.359300,61339,170717,0.758600
2024,臺北市,內湖區,臺北市|內湖區,國民黨,KMT,侯友宜,0.379500,64787,170717,0.758600
2024,臺北市,內湖區,臺北市|內湖區,民眾黨,TPP,柯文哲,0.261200,44591,170717,0.758600
2024,臺北市,南港區,臺北市|南港區,民進黨,DPP,賴清德,0.364500,26118,71653,0.751000
2024,臺北市,南港區,臺北市|南港區,國民黨,KMT,侯友宜,0.370200,26526,71653,0.751000
2024,臺北市,南港區,臺北市|南港區,民眾黨,TPP,柯文哲,0.265300,19010,71653,0.751000
2024,臺北市,萬華區,臺北市|萬華區,民進黨,DPP,賴清德,0.395100,43371,109771,0.729100
2024,臺北市,萬華區,臺北市|萬華區,國民黨,KMT,侯友宜,0.354400,38903,109771,0.729100
2024,臺北市,萬華區,臺北市|萬華區,民眾黨,TPP,柯文哲,0.250500,27498,109771,0.729100
2024,臺北市,中正區,臺北市|中正區,民進黨,DPP,賴清德,0.365000,32196,88207,0.741500
2024,臺北市,中正區,臺北市|中正區,國民黨,KMT,侯友宜,0.393800,34736,88207,0.741500
2024,臺北市,中正區,臺北市|中正區,民眾黨,TPP,柯文哲,0.241200,21276,88207,0.741500
2024,臺北市,大安區,臺北市|大安區,民進黨,DPP,賴清德,0.364300,62384,171244,0.733100
2024,臺北市,大安區,臺北市|大安區,國民黨,KMT,侯友宜,0.426000,72950,171244,0.733100
2024,臺北市,大安區,臺北市|大安區,民眾黨,TPP,柯文哲,0.209700,35910,171244,0.733100
2024,臺北市,信義區,臺北市|信義區,民進黨,DPP,賴清德,0.359200,46639,129842,0.740200
2024,臺北市,信義區,臺北市|信義區,國民黨,KMT,侯友宜,0.408800,53079,129842,0.740200
2024,臺北市,信義區,臺北市|信義區,民眾黨,TPP,柯文哲,0.232100,30136,129842,0.740200
2024,臺北市,文山區,臺北市|文山區,民進黨,DPP,賴清德,0.312600,50349,161064,0.749800
2024,臺北市,文山區,臺北市|文山區,國民黨,KMT,侯友宜,0.439800,70836,161064,0.749800
2024,臺北市,文山區,臺北市|文山區,民眾黨,TPP,柯文哲,0.247600,39879,161064,0.749800
2024,臺南市,後壁區,臺南市|後壁區,民進黨,DPP,賴清德,0.562800,7449,13235,0.687800
2024,臺南市,後壁區,臺南市|後壁區,國民黨,KMT,侯友宜,0.240300,3180,13235,0.687800
2024,臺南市,後壁區,臺南市|後壁區,民眾黨,TPP,柯文哲,0.196900,2606,13235,0.687800
2024,臺南市,白河區,臺南市|白河區,民進黨,DPP,賴清德,0.567200,8608,15176,0.666500
2024,臺南市,白河區,臺南市|白河區,國民黨,KMT,侯友宜,0.243400,3694,15176,0.666500
2024,臺南市,白河區,臺南市|白河區,民眾黨,TPP,柯文哲,0.189400,2874,15176,0.666500
2024,臺南市,北門區,臺南市|北門區,民進黨,DPP,賴清德,0.560900,3131,5582,0.618700
2024,臺南市,北門區,臺南市|北門區,國民黨,KMT,侯友宜,0.254400,1420,5582,0.618700
2024,臺南市,北門區,臺南市|北門區,民眾黨,TPP,柯文哲,0.184700,1031,5582,0.618700
2024,臺南市,學甲區,臺南市|學甲區,民進黨,DPP,賴清德,0.579200,8524,14716,0.685000
2024,臺南市,學甲區,臺南市|學甲區,國民黨,KMT,侯友宜,0.214300,3154,14716,0.685000
2024,臺南市,學甲區,臺南市|學甲區,民眾黨,TPP,柯文哲,0.206500,3039,14716,0.685000
2024,臺南市,鹽水區,臺南市|鹽水區,民進黨,DPP,賴清德,0.556400,7883,14167,0.672700
2024,臺南市,鹽水區,臺南市|鹽水區,國民黨,KMT,侯友宜,0.227900,3229,14167,0.672700
2024,臺南市,鹽水區,臺南市|鹽水區,民眾黨,TPP,柯文哲,0.215700,3056,14167,0.672700
2024,臺南市,新營區,臺南市|新營區,民進黨,DPP,賴清德,0.455800,19933,43731,0.705800
2024,臺南市,新營區,臺南市|新營區,國民黨,KMT,侯友宜,0.297100,12992,43731,0.705800
2024,臺南市,新營區,臺南市|新營區,民眾黨,TPP,柯文哲,0.247200,10810,43731,0.705800
2024,臺南市,柳營區,臺南市|柳營區,民進黨,DPP,賴清德,0.536000,6654,12415,0.695000
2024,臺南市,柳營區,臺南市|柳營區,國民黨,KMT,侯友宜,0.232200,2883,12415,0.695000
2024,臺南市,柳營區,臺南市|柳營區,民眾黨,TPP,柯文哲,0.231800,2878,12415,0.695000
2024,臺南市,東山區,臺南市|東山區,民進黨,DPP,賴清德,0.545000,5772,10590,0.621800
2024,臺南市,東山區,臺南市|東山區,國民黨,KMT,侯友宜,0.270000,2859,10590,0.621800
2024,臺南市,東山區,臺南市|東山區,民眾黨,TPP,柯文哲,0.185000,1959,10590,0.621800
2024,臺南市,將軍區,臺南市|將軍區,民進黨,DPP,賴清德,0.624300,6699,10731,0.651400
2024,臺南市,將軍區,臺南市|將軍區,國民黨,KMT,侯友宜,0.207500,2227,10731,0.651400
2024,臺南市,將軍區,臺南市|將軍區,民眾黨,TPP,柯文哲,0.168200,1805,10731,0.651400
2024,臺南市,下營區,臺南市|下營區,民進黨,DPP,賴清德,0.540000,7288,13497,0.693600
2024,臺南市,下營區,臺南市|下營區,國民黨,KMT,侯友宜,0.248100,3349,13497,0.693600
2024,臺南市,下營區,臺南市|下營區,民眾黨,TPP,柯文哲,0.211800,2859,13497,0.693600
2024,臺南市,六甲區,臺南市|六甲區,民進黨,DPP,賴清德,0.549900,6883,12516,0.689000
2024,臺南市,六甲區,臺南市|六甲區,國民黨,KMT,侯友宜,0.223500,2797,12516,0.689000
2024,臺南市,六甲區,臺南市|六甲區,民眾黨,TPP,柯文哲,0.226700,2837,12516,0.689000
2024,臺南市,七股區,臺南市|七股區,民進黨,DPP,賴清德,0.594300,7601,12790,0.686800
2024,臺南市,七股區,臺南市|七股區,國民黨,KMT,侯友宜,0.208700,2669,12790,0.686800
2024,臺南市,七股區,臺南市|七股區,民眾黨,TPP,柯文哲,0.197000,2520,12790,0.686800
2024,臺南市,佳里區,臺南市|佳里區,民進黨,DPP,賴清德,0.539800,19015,35226,0.722200
2024,臺南市,佳里區,臺南市|佳里區,國民黨,KMT,侯友宜,0.232200,8179,35226,0.722200
2024,臺南市,佳里區,臺南市|佳里區,民眾黨,TPP,柯文哲,0.228000,8032,35226,0.722200
2024,臺南市,麻豆區,臺南市|麻豆區,民進黨,DPP,賴清德,0.596000,16081,26982,0.740200
2024,臺南市,麻豆區,臺南市|麻豆區,國民黨,KMT,侯友宜,0.187100,5048,26982,0.740200
2024,臺南市,麻豆區,臺南市|麻豆區,民眾黨,TPP,柯文哲,0.217000,5855,26982,0.740200
2024,臺南市,官田區,臺南市|官田區,民進黨,DPP,賴清德,0.581800,7560,12995,0.720400
2024,臺南市,官田區,臺南市|官田區,國民黨,KMT,侯友宜,0.204200,2654,12995,0.720400
2024,臺南市,官田區,臺南市|官田區,民眾黨,TPP,柯文哲,0.213900,2780,12995,0.720400
2024,臺南市,善化區,臺南市|善化區,民進黨,DPP,賴清德,0.513800,15542,30250,0.729200
2024,臺南市,善化區,臺南市|善化區,國民黨,KMT,侯友宜,0.210300,6362,30250,0.729200
2024,臺南市,善化區,臺南市|善化區,民眾黨,TPP,柯文哲,0.275900,8346,30250,0.729200
2024,臺南市,大內區,臺南市|大內區,民進黨,DPP,賴清德,0.575900,3191,5541,0.705400
2024,臺南市,大內區,臺南市|大內區,國民黨,KMT,侯友宜,0.241100,1336,5541,0.705400
2024,臺南市,大內區,臺南市|大內區,民眾黨,TPP,柯文哲,0.183000,1014,5541,0.705400
2024,臺南市,玉井區,臺南市|玉井區,民進黨,DPP,賴清德,0.435700,3349,7686,0.670400
2024,臺南市,玉井區,臺南市|玉井區,國民黨,KMT,侯友宜,0.354500,2725,7686,0.670400
2024,臺南市,玉井區,臺南市|玉井區,民眾黨,TPP,柯文哲,0.209700,1612,7686,0.670400
2024,臺南市,楠西區,臺南市|楠西區,民進黨,DPP,賴清德,0.401600,2086,5194,0.666100
2024,臺南市,楠西區,臺南市|楠西區,國民黨,KMT,侯友宜,0.405300,2105,5194,0.666100
2024,臺南市,楠西區,臺南市|楠西區,民眾黨,TPP,柯文哲,0.193100,1003,5194,0.666100
2024,臺南市,西港區,臺南市|西港區,民進黨,DPP,賴清德,0.583200,8928,15309,0.718400
2024,臺南市,西港區,臺南市|西港區,國民黨,KMT,侯友宜,0.198300,3036,15309,0.718400
2024,臺南市,西港區,臺南市|西港區,民眾黨,TPP,柯文哲,0.218500,3345,15309,0.718400
2024,臺南市,安定區,臺南市|安定區,民進黨,DPP,賴清德,0.545900,10158,18608,0.735300
2024,臺南市,安定區,臺南市|安定區,國民黨,KMT,侯友宜,0.210900,3924,18608,0.735300
2024,臺南市,安定區,臺南市|安定區,民眾黨,TPP,柯文哲,0.243200,4525,18608,0.735300
2024,臺南市,山上區,臺南市|山上區,民進黨,DPP,賴清德,0.527400,2289,4340,0.698800
2024,臺南市,山上區,臺南市|山上區,國民黨,KMT,侯友宜,0.248600,1079,4340,0.698800
2024,臺南市,山上區,臺南市|山上區,民眾黨,TPP,柯文哲,0.224000,972,4340,0.698800
2024,臺南市,左鎮區,臺南市|左鎮區,民進黨,DPP,賴清德,0.571800,1482,2592,0.665100
2024,臺南市,左鎮區,臺南市|左鎮區,國民黨,KMT,侯友宜,0.280500,727,2592,0.665100
2024,臺南市,左鎮區,臺南市|左鎮區,民眾黨,TPP,柯文哲,0.147800,383,2592,0.665100
2024,臺南市,南化區,臺南市|南化區,民進黨,DPP,賴清德,0.458400,2137,4662,0.653400
2024,臺南市,南化區,臺南市|南化區,國民黨,KMT,侯友宜,0.354600,1653,4662,0.653400
2024,臺南市,南化區,臺南市|南化區,民眾黨,TPP,柯文哲,0.187000,872,4662,0.653400
2024,臺南市,安南區,臺南市|安南區,民進黨,DPP,賴清德,0.523600,61864,118152,0.720200
2024,臺南市,安南區,臺南市|安南區,國民黨,KMT,侯友宜,0.219300,25911,118152,0.720200
2024,臺南市,安南區,臺南市|安南區,民眾黨,TPP,柯文哲,0.257100,30377,118152,0.720200
2024,臺南市,北區,臺南市|北區,民進黨,DPP,賴清德,0.474500,36835,77629,0.731100
2024,臺南市,北區,臺南市|北區,國民黨,KMT,侯友宜,0.291500,22629,77629,0.731100
2024,臺南市,北區,臺南市|北區,民眾黨,TPP,柯文哲,0.234000,18165,77629,0.731100
2024,臺南市,新市區,臺南市|新市區,民進黨,DPP,賴清德,0.518100,11759,22696,0.739600
2024,臺南市,新市區,臺南市|新市區,國民黨,KMT,侯友宜,0.215500,4891,22696,0.739600
2024,臺南市,新市區,臺南市|新市區,民眾黨,TPP,柯文哲,0.266400,6046,22696,0.739600
2024,臺南市,永康區,臺南市|永康區,民進黨,DPP,賴清德,0.471600,66187,140346,0.725000
2024,臺南市,永康區,臺南市|永康區,國民黨,KMT,侯友宜,0.267000,37472,140346,0.725000
2024,臺南市,永康區,臺南市|永康區,民眾黨,TPP,柯文哲,0.261400,36686,140346,0.725000
2024,臺南市,新化區,臺南市|新化區,民進黨,DPP,賴清德,0.499000,13321,26695,0.732400
2024,臺南市,新化區,臺南市|新化區,國民黨,KMT,侯友宜,0.267100,7130,26695,0.732400
2024,臺南市,新化區,臺南市|新化區,民眾黨,TPP,柯文哲,0.233900,6244,26695,0.732400
2024,臺南市,安平區,臺南市|安平區,民進黨,DPP,賴清德,0.479200,19640,40985,0.716700
2024,臺南市,安平區,臺南市|安平區,國民黨,KMT,侯友宜,0.277600,11377,40985,0.716700
2024,臺南市,安平區,臺南市|安平區,民眾黨,TPP,柯文哲,0.243200,9968,40985,0.716700
2024,臺南市,中西區,臺南市|中西區,民進黨,DPP,賴清德,0.516700,23507,45495,0.724000
2024,臺南市,中西區,臺南市|中西區,國民黨,KMT,侯友宜,0.269900,12279,45495,0.724000
2024,臺南市,中西區,臺南市|中西區,民眾黨,TPP,柯文哲,0.213400,9709,45495,0.724000
2024,臺南市,南區,臺南市|南區,民進黨,DPP,賴清德,0.529200,40512,76554,0.730000
2024,臺南市,南區,臺南市|南區,國民黨,KMT,侯友宜,0.254800,19506,76554,0.730000
2024,臺南市,南區,臺南市|南區,民眾黨,TPP,柯文哲,0.216000,16536,76554,0.730000
2024,臺南市,東區,臺南市|東區,民進黨,DPP,賴清德,0.455000,49583,108974,0.738600
2024,臺南市,東區,臺南市|東區,國民黨,KMT,侯友宜,0.313100,34120,108974,0.738600
2024,臺南市,東區,臺南市|東區,民眾黨,TPP,柯文哲,0.231900,25271,108974,0.738600
2024,臺南市,仁德區,臺南市|仁德區,民進黨,DPP,賴清德,0.497700,24021,48265,0.741200
2024,臺南市,仁德區,臺南市|仁德區,國民黨,KMT,侯友宜,0.261100,12602,48265,0.741200
2024,臺南市,仁德區,臺南市|仁德區,民眾黨,TPP,柯文哲,0.241300,11646,48265,0.741200
2024,臺南市,歸仁區,臺南市|歸仁區,民進黨,DPP,賴清德,0.532200,22493,42264,0.744500
2024,臺南市,歸仁區,臺南市|歸仁區,國民黨,KMT,侯友宜,0.231400,9780,42264,0.744500
2024,臺南市,歸仁區,臺南市|歸仁區,民眾黨,TPP,柯文哲,0.236300,9987,42264,0.744500
2024,臺南市,關廟區,臺南市|關廟區,民進黨,DPP,賴清德,0.545600,11620,21297,0.737500
2024,臺南市,關廟區,臺南市|關廟區,國民黨,KMT,侯友宜,0.241500,5143,21297,0.737500
2024,臺南市,關廟區,臺南市|關廟區,民眾黨,TPP,柯文哲,0.212900,4534,21297,0.737500
2024,臺南市,龍崎區,臺南市|龍崎區,民進黨,DPP,賴清德,0.527800,1243,2355,0.714400
2024,臺南市,龍崎區,臺南市|龍崎區,國民黨,KMT,侯友宜,0.318000,749,2355,0.714400
2024,臺南市,龍崎區,臺南市|龍崎區,民眾黨,TPP,柯文哲,0.154100,363,2355,0.714400
2024,臺東縣,臺東市,臺東縣|臺東市,民進黨,DPP,賴清德,0.300100,16949,56479,0.669500
2024,臺東縣,臺東市,臺東縣|臺東市,國民黨,KMT,侯友宜,0.449600,25393,56479,0.669500
2024,臺東縣,臺東市,臺東縣|臺東市,民眾黨,TPP,柯文哲,0.250300,14137,56479,0.669500
2024,臺東縣,成功鎮,臺東縣|成功鎮,民進黨,DPP,賴清德,0.229000,1431,6250,0.546300
2024,臺東縣,成功鎮,臺東縣|成功鎮,國民黨,KMT,侯友宜,0.576600,3604,6250,0.546300
2024,臺東縣,成功鎮,臺東縣|成功鎮,民眾黨,TPP,柯文哲,0.194400,1215,6250,0.546300
2024,臺東縣,關山鎮,臺東縣|關山鎮,民進黨,DPP,賴清德,0.268100,1129,4211,0.617200
2024,臺東縣,關山鎮,臺東縣|關山鎮,國民黨,KMT,侯友宜,0.510100,2148,4211,0.617200
2024,臺東縣,關山鎮,臺東縣|關山鎮,民眾黨,TPP,柯文哲,0.221800,934,4211,0.617200
2024,臺東縣,卑南鄉,臺東縣|卑南鄉,民進黨,DPP,賴清德,0.300000,2724,9081,0.629900
2024,臺東縣,卑南鄉,臺東縣|卑南鄉,國民黨,KMT,侯友宜,0.476300,4325,9081,0.629900
2024,臺東縣,卑南鄉,臺東縣|卑南鄉,民眾黨,TPP,柯文哲,0.223800,2032,9081,0.629900
2024,臺東縣,鹿野鄉,臺東縣|鹿野鄉,民進黨,DPP,賴清德,0.326100,1243,3812,0.595600
2024,臺東縣,鹿野鄉,臺東縣|鹿野鄉,國民黨,KMT,侯友宜,0.469800,1791,3812,0.595600
2024,臺東縣,鹿野鄉,臺東縣|鹿野鄉,民眾黨,TPP,柯文哲,0.204100,778,3812,0.595600
2024,臺東縣,池上鄉,臺東縣|池上鄉,民進黨,DPP,賴清德,0.304700,1192,3912,0.574600
2024,臺東縣,池上鄉,臺東縣|池上鄉,國民黨,KMT,侯友宜,0.464700,1818,3912,0.574600
2024,臺東縣,池上鄉,臺東縣|池上鄉,民眾黨,TPP,柯文哲,0.230600,902,3912,0.574600
2024,臺東縣,東河鄉,臺東縣|東河鄉,民進黨,DPP,賴清德,0.258400,996,3854,0.544700
2024,臺東縣,東河鄉,臺東縣|東河鄉,國民黨,KMT,侯友宜,0.546200,2105,3854,0.544700
2024,臺東縣,東河鄉,臺東縣|東河鄉,民眾黨,TPP,柯文哲,0.195400,753,3854,0.544700
2024,臺東縣,長濱鄉,臺東縣|長濱鄉,民進黨,DPP,賴清德,0.236200,744,3150,0.530500
2024,臺東縣,長濱鄉,臺東縣|長濱鄉,國民黨,KMT,侯友宜,0.610800,1924,3150,0.530500
2024,臺東縣,長濱鄉,臺東縣|長濱鄉,民眾黨,TPP,柯文哲,0.153000,482,3150,0.530500
2024,臺東縣,太麻里鄉,臺東縣|太麻里鄉,民進黨,DPP,賴清德,0.284000,1591,5603,0.605000
2024,臺東縣,太麻里鄉,臺東縣|太麻里鄉,國民黨,KMT,侯友宜,0.515600,2889,5603,0.605000
2024,臺東縣,太麻里鄉,臺東縣|太麻里鄉,民眾黨,TPP,柯文哲,0.200400,1123,5603,0.605000
2024,臺東縣,大武鄉,臺東縣|大武鄉,民進黨,DPP,賴清德,0.225300,610,2707,0.571200
2024,臺東縣,大武鄉,臺東縣|大武鄉,國民黨,KMT,侯友宜,0.557800,1510,2707,0.571200
2024,臺東縣,大武鄉,臺東縣|大武鄉,民眾黨,TPP,柯文哲,0.216800,587,2707,0.571200
2024,臺東縣,綠島鄉,臺東縣|綠島鄉,民進黨,DPP,賴清德,0.185900,327,1759,0.463800
2024,臺東縣,綠島鄉,臺東縣|綠島鄉,國民黨,KMT,侯友宜,0.496300,873,1759,0.463800
2024,臺東縣,綠島鄉,臺東縣|綠島鄉,民眾黨,TPP,柯文哲,0.317800,559,1759,0.463800
2024,臺東縣,海端鄉,臺東縣|海端鄉,民進黨,DPP,賴清德,0.115000,211,1835,0.565800
2024,臺東縣,海端鄉,臺東縣|海端鄉,國民黨,KMT,侯友宜,0.661000,1213,1835,0.565800
2024,臺東縣,海端鄉,臺東縣|海端鄉,民眾黨,TPP,柯文哲,0.224000,411,1835,0.565800
2024,臺東縣,延平鄉,臺東縣|延平鄉,民進黨,DPP,賴清德,0.129500,236,1822,0.643500
2024,臺東縣,延平鄉,臺東縣|延平鄉,國民黨,KMT,侯友宜,0.643200,1172,1822,0.643500
2024,臺東縣,延平鄉,臺東縣|延平鄉,民眾黨,TPP,柯文哲,0.227200,414,1822,0.643500
2024,臺東縣,金峰鄉,臺東縣|金峰鄉,民進黨,DPP,賴清德,0.080600,169,2098,0.706000
2024,臺東縣,金峰鄉,臺東縣|金峰鄉,國民黨,KMT,侯友宜,0.684000,1435,2098,0.706000
2024,臺東縣,金峰鄉,臺東縣|金峰鄉,民眾黨,TPP,柯文哲,0.235500,494,2098,0.706000
2024,臺東縣,達仁鄉,臺東縣|達仁鄉,民進黨,DPP,賴清德,0.112000,207,1849,0.634800
2024,臺東縣,達仁鄉,臺東縣|達仁鄉,國民黨,KMT,侯友宜,0.684200,1265,1849,0.634800
2024,臺東縣,達仁鄉,臺東縣|達仁鄉,民眾黨,TPP,柯文哲,0.203900,377,1849,0.634800
2024,臺東縣,蘭嶼鄉,臺東縣|蘭嶼鄉,民進黨,DPP,賴清德,0.243600,370,1519,0.358300
2024,臺東縣,蘭嶼鄉,臺東縣|蘭嶼鄉,國民黨,KMT,侯友宜,0.496400,754,1519,0.358300
2024,臺東縣,蘭嶼鄉,臺東縣|蘭嶼鄉,民眾黨,TPP,柯文哲,0.260000,395,1519,0.358300
2024,花蓮縣,花蓮市,花蓮縣|花蓮市,民進黨,DPP,賴清德,0.272400,15018,55132,0.689000
2024,花蓮縣,花蓮市,花蓮縣|花蓮市,國民黨,KMT,侯友宜,0.471500,25995,55132,0.689000
2024,花蓮縣,花蓮市,花蓮縣|花蓮市,民眾黨,TPP,柯文哲,0.256000,14114,55132,0.689000
2024,花蓮縣,新城鄉,花蓮縣|新城鄉,民進黨,DPP,賴清德,0.235800,2651,11242,0.658800
2024,花蓮縣,新城鄉,花蓮縣|新城鄉,國民黨,KMT,侯友宜,0.482400,5423,11242,0.658800
2024,花蓮縣,新城鄉,花蓮縣|新城鄉,民眾黨,TPP,柯文哲,0.281800,3168,11242,0.658800
2024,花蓮縣,秀林鄉,花蓮縣|秀林鄉,民進黨,DPP,賴清德,0.147100,1258,8550,0.646500
2024,花蓮縣,秀林鄉,花蓮縣|秀林鄉,國民黨,KMT,侯友宜,0.561800,4803,8550,0.646500
2024,花蓮縣,秀林鄉,花蓮縣|秀林鄉,民眾黨,TPP,柯文哲,0.291100,2489,8550,0.646500
2024,花蓮縣,吉安鄉,花蓮縣|吉安鄉,民進黨,DPP,賴清德,0.258300,12494,48370,0.684100
2024,花蓮縣,吉安鄉,花蓮縣|吉安鄉,國民黨,KMT,侯友宜,0.482900,23358,48370,0.684100
2024,花蓮縣,吉安鄉,花蓮縣|吉安鄉,民眾黨,TPP,柯文哲,0.258800,12518,48370,0.684100
2024,花蓮縣,壽豐鄉,花蓮縣|壽豐鄉,民進黨,DPP,賴清德,0.271100,2630,9700,0.656300
2024,花蓮縣,壽豐鄉,花蓮縣|壽豐鄉,國民黨,KMT,侯友宜,0.491100,4764,9700,0.656300
2024,花蓮縣,壽豐鄉,花蓮縣|壽豐鄉,民眾黨,TPP,柯文哲,0.237700,2306,9700,0.656300
2024,花蓮縣,鳳林鎮,花蓮縣|鳳林鎮,民進黨,DPP,賴清德,0.252100,1518,6021,0.670300
2024,花蓮縣,鳳林鎮,花蓮縣|鳳林鎮,國民黨,KMT,侯友宜,0.542800,3268,6021,0.670300
2024,花蓮縣,鳳林鎮,花蓮縣|鳳林鎮,民眾黨,TPP,柯文哲,0.205100,1235,6021,0.670300
2024,花蓮縣,光復鄉,花蓮縣|光復鄉,民進黨,DPP,賴清德,0.224800,1405,6249,0.606100
2024,花蓮縣,光復鄉,花蓮縣|光復鄉,國民黨,KMT,侯友宜,0.590800,3692,6249,0.606100
2024,花蓮縣,光復鄉,花蓮縣|光復鄉,民眾黨,TPP,柯文哲,0.184300,1152,6249,0.606100
2024,花蓮縣,豐濱鄉,花蓮縣|豐濱鄉,民進黨,DPP,賴清德,0.194700,395,2029,0.538800
2024,花蓮縣,豐濱鄉,花蓮縣|豐濱鄉,國民黨,KMT,侯友宜,0.647100,1313,2029,0.538800
2024,花蓮縣,豐濱鄉,花蓮縣|豐濱鄉,民眾黨,TPP,柯文哲,0.158200,321,2029,0.538800
2024,花蓮縣,萬榮鄉,花蓮縣|萬榮鄉,民進黨,DPP,賴清德,0.117400,351,2991,0.610400
2024,花蓮縣,萬榮鄉,花蓮縣|萬榮鄉,國民黨,KMT,侯友宜,0.630600,1886,2991,0.610400
2024,花蓮縣,萬榮鄉,花蓮縣|萬榮鄉,民眾黨,TPP,柯文哲,0.252100,754,2991,0.610400
2024,花蓮縣,瑞穗鄉,花蓮縣|瑞穗鄉,民進黨,DPP,賴清德,0.236900,1339,5652,0.603800
2024,花蓮縣,瑞穗鄉,花蓮縣|瑞穗鄉,國民黨,KMT,侯友宜,0.571700,3231,5652,0.603800
2024,花蓮縣,瑞穗鄉,花蓮縣|瑞穗鄉,民眾黨,TPP,柯文哲,0.191400,1082,5652,0.603800
2024,花蓮縣,玉里鎮,花蓮縣|玉里鎮,民進黨,DPP,賴清德,0.244000,2630,10777,0.573000
2024,花蓮縣,玉里鎮,花蓮縣|玉里鎮,國民黨,KMT,侯友宜,0.538600,5804,10777,0.573000
2024,花蓮縣,玉里鎮,花蓮縣|玉里鎮,民眾黨,TPP,柯文哲,0.217300,2342,10777,0.573000
2024,花蓮縣,富里鄉,花蓮縣|富里鄉,民進黨,DPP,賴清德,0.256500,1204,4694,0.560500
2024,花蓮縣,富里鄉,花蓮縣|富里鄉,國民黨,KMT,侯友宜,0.544300,2555,4694,0.560500
2024,花蓮縣,富里鄉,花蓮縣|富里鄉,民眾黨,TPP,柯文哲,0.199200,935,4694,0.560500
2024,花蓮縣,卓溪鄉,花蓮縣|卓溪鄉,民進黨,DPP,賴清德,0.096000,264,2750,0.588800
2024,花蓮縣,卓溪鄉,花蓮縣|卓溪鄉,國民黨,KMT,侯友宜,0.676000,1859,2750,0.588800
2024,花蓮縣,卓溪鄉,花蓮縣|卓溪鄉,民眾黨,TPP,柯文哲,0.228000,627,2750,0.588800
2024,苗栗縣,竹南鎮,苗栗縣|竹南鎮,民進黨,DPP,賴清德,0.320300,16412,51240,0.728500
2024,苗栗縣,竹南鎮,苗栗縣|竹南鎮,國民黨,KMT,侯友宜,0.339700,17406,51240,0.728500
2024,苗栗縣,竹南鎮,苗栗縣|竹南鎮,民眾黨,TPP,柯文哲,0.340000,17422,51240,0.728500
2024,苗栗縣,造橋鄉,苗栗縣|造橋鄉,民進黨,DPP,賴清德,0.271900,1942,7143,0.703400
2024,苗栗縣,造橋鄉,苗栗縣|造橋鄉,國民黨,KMT,侯友宜,0.449400,3210,7143,0.703400
2024,苗栗縣,造橋鄉,苗栗縣|造橋鄉,民眾黨,TPP,柯文哲,0.278700,1991,7143,0.703400
2024,苗栗縣,後龍鎮,苗栗縣|後龍鎮,民進黨,DPP,賴清德,0.349300,6937,19860,0.684300
2024,苗栗縣,後龍鎮,苗栗縣|後龍鎮,國民黨,KMT,侯友宜,0.369300,7334,19860,0.684300
2024,苗栗縣,後龍鎮,苗栗縣|後龍鎮,民眾黨,TPP,柯文哲,0.281400,5589,19860,0.684300
2024,苗栗縣,西湖鄉,苗栗縣|西湖鄉,民進黨,DPP,賴清德,0.223800,890,3976,0.694400
2024,苗栗縣,西湖鄉,苗栗縣|西湖鄉,國民黨,KMT,侯友宜,0.534200,2124,3976,0.694400
2024,苗栗縣,西湖鄉,苗栗縣|西湖鄉,民眾黨,TPP,柯文哲,0.242000,962,3976,0.694400
2024,苗栗縣,通霄鎮,苗栗縣|通霄鎮,民進黨,DPP,賴清德,0.403900,7730,19138,0.702300
2024,苗栗縣,通霄鎮,苗栗縣|通霄鎮,國民黨,KMT,侯友宜,0.339100,6490,19138,0.702300
2024,苗栗縣,通霄鎮,苗栗縣|通霄鎮,民眾黨,TPP,柯文哲,0.257000,4918,19138,0.702300
2024,苗栗縣,銅鑼鄉,苗栗縣|銅鑼鄉,民進黨,DPP,賴清德,0.239000,2420,10124,0.714900
2024,苗栗縣,銅鑼鄉,苗栗縣|銅鑼鄉,國民黨,KMT,侯友宜,0.495400,5015,10124,0.714900
2024,苗栗縣,銅鑼鄉,苗栗縣|銅鑼鄉,民眾黨,TPP,柯文哲,0.265600,2689,10124,0.714900
2024,苗栗縣,苑裡鎮,苗栗縣|苑裡鎮,民進黨,DPP,賴清德,0.417200,11191,26824,0.722400
2024,苗栗縣,苑裡鎮,苗栗縣|苑裡鎮,國民黨,KMT,侯友宜,0.291800,7827,26824,0.722400
2024,苗栗縣,苑裡鎮,苗栗縣|苑裡鎮,民眾黨,TPP,柯文哲,0.291000,7806,26824,0.722400
2024,苗栗縣,三義鄉,苗栗縣|三義鄉,民進黨,DPP,賴清德,0.246300,2304,9356,0.737100
2024,苗栗縣,三義鄉,苗栗縣|三義鄉,國民黨,KMT,侯友宜,0.469300,4391,9356,0.737100
2024,苗栗縣,三義鄉,苗栗縣|三義鄉,民眾黨,TPP,柯文哲,0.284400,2661,9356,0.737100
2024,苗栗縣,頭份市,苗栗縣|頭份市,民進黨,DPP,賴清德,0.238700,14640,61331,0.721300
2024,苗栗縣,頭份市,苗栗縣|頭份市,國民黨,KMT,侯友宜,0.415600,25489,61331,0.721300
2024,苗栗縣,頭份市,苗栗縣|頭份市,民眾黨,TPP,柯文哲,0.345700,21202,61331,0.721300
2024,苗栗縣,三灣鄉,苗栗縣|三灣鄉,民進黨,DPP,賴清德,0.244500,936,3829,0.725800
2024,苗栗縣,三灣鄉,苗栗縣|三灣鄉,國民黨,KMT,侯友宜,0.510600,1955,3829,0.725800
2024,苗栗縣,三灣鄉,苗栗縣|三灣鄉,民眾黨,TPP,柯文哲,0.245000,938,3829,0.725800
2024,苗栗縣,南庄鄉,苗栗縣|南庄鄉,民進黨,DPP,賴清德,0.226700,1161,5122,0.657700
2024,苗栗縣,南庄鄉,苗栗縣|南庄鄉,國民黨,KMT,侯友宜,0.532200,2726,5122,0.657700
2024,苗栗縣,南庄鄉,苗栗縣|南庄鄉,民眾黨,TPP,柯文哲,0.241100,1235,5122,0.657700
2024,苗栗縣,苗栗市,苗栗縣|苗栗市,民進黨,DPP,賴清德,0.231900,12117,52251,0.731000
2024,苗栗縣,苗栗市,苗栗縣|苗栗市,國民黨,KMT,侯友宜,0.471100,24615,52251,0.731000
2024,苗栗縣,苗栗市,苗栗縣|苗栗市,民眾黨,TPP,柯文哲,0.297000,15519,52251,0.731000
2024,苗栗縣,頭屋鄉,苗栗縣|頭屋鄉,民進黨,DPP,賴清德,0.236300,1495,6327,0.731200
2024,苗栗縣,頭屋鄉,苗栗縣|頭屋鄉,國民黨,KMT,侯友宜,0.498800,3156,6327,0.731200
2024,苗栗縣,頭屋鄉,苗栗縣|頭屋鄉,民眾黨,TPP,柯文哲,0.264900,1676,6327,0.731200
2024,苗栗縣,獅潭鄉,苗栗縣|獅潭鄉,民進黨,DPP,賴清德,0.247700,646,2608,0.698400
2024,苗栗縣,獅潭鄉,苗栗縣|獅潭鄉,國民黨,KMT,侯友宜,0.545200,1422,2608,0.698400
2024,苗栗縣,獅潭鄉,苗栗縣|獅潭鄉,民眾黨,TPP,柯文哲,0.207100,540,2608,0.698400
2024,苗栗縣,公館鄉,苗栗縣|公館鄉,民進黨,DPP,賴清德,0.251700,4802,19077,0.716100
2024,苗栗縣,公館鄉,苗栗縣|公館鄉,國民黨,KMT,侯友宜,0.446800,8524,19077,0.716100
2024,苗栗縣,公館鄉,苗栗縣|公館鄉,民眾黨,TPP,柯文哲,0.301600,5754,19077,0.716100
2024,苗栗縣,大湖鄉,苗栗縣|大湖鄉,民進黨,DPP,賴清德,0.262600,2021,7696,0.679100
2024,苗栗縣,大湖鄉,苗栗縣|大湖鄉,國民黨,KMT,侯友宜,0.504300,3881,7696,0.679100
2024,苗栗縣,大湖鄉,苗栗縣|大湖鄉,民眾黨,TPP,柯文哲,0.233100,1794,7696,0.679100
2024,苗栗縣,泰安鄉,苗栗縣|泰安鄉,民進黨,DPP,賴清德,0.142000,473,3330,0.696000
2024,苗栗縣,泰安鄉,苗栗縣|泰安鄉,國民黨,KMT,侯友宜,0.643200,2142,3330,0.696000
2024,苗栗縣,泰安鄉,苗栗縣|泰安鄉,民眾黨,TPP,柯文哲,0.214700,715,3330,0.696000
2024,苗栗縣,卓蘭鎮,苗栗縣|卓蘭鎮,民進黨,DPP,賴清德,0.390200,3681,9433,0.707500
2024,苗栗縣,卓蘭鎮,苗栗縣|卓蘭鎮,國民黨,KMT,侯友宜,0.373600,3524,9433,0.707500
2024,苗栗縣,卓蘭鎮,苗栗縣|卓蘭鎮,民眾黨,TPP,柯文哲,0.236200,2228,9433,0.707500
2024,連江縣,南竿鄉,連江縣|南竿鄉,民進黨,DPP,賴清德,0.107300,392,3654,0.558200
2024,連江縣,南竿鄉,連江縣|南竿鄉,國民黨,KMT,侯友宜,0.637900,2331,3654,0.558200
2024,連江縣,南竿鄉,連江縣|南竿鄉,民眾黨,TPP,柯文哲,0.254800,931,3654,0.558200
2024,連江縣,北竿鄉,連江縣|北竿鄉,民進黨,DPP,賴清德,0.107600,135,1255,0.458300
2024,連江縣,北竿鄉,連江縣|北竿鄉,國民黨,KMT,侯友宜,0.631100,792,1255,0.458300
2024,連江縣,北竿鄉,連江縣|北竿鄉,民眾黨,TPP,柯文哲,0.261400,328,1255,0.458300
2024,連江縣,莒光鄉,連江縣|莒光鄉,民進黨,DPP,賴清德,0.096300,58,602,0.439400
2024,連江縣,莒光鄉,連江縣|莒光鄉,國民黨,KMT,侯友宜,0.641200,386,602,0.439400
2024,連江縣,莒光鄉,連江縣|莒光鄉,民眾黨,TPP,柯文哲,0.262500,158,602,0.439400
2024,連江縣,東引鄉,連江縣|東引鄉,民進黨,DPP,賴清德,0.097200,63,648,0.481200
2024,連江縣,東引鄉,連江縣|東引鄉,國民黨,KMT,侯友宜,0.541700,351,648,0.481200
2024,連江縣,東引鄉,連江縣|東引鄉,民眾黨,TPP,柯文哲,0.361100,234,648,0.481200
2024,金門縣,金城鎮,金門縣|金城鎮,民進黨,DPP,賴清德,0.100800,1426,14143,0.377500
2024,金門縣,金城鎮,金門縣|金城鎮,國民黨,KMT,侯友宜,0.628900,8895,14143,0.377500
2024,金門縣,金城鎮,金門縣|金城鎮,民眾黨,TPP,柯文哲,0.270300,3823,14143,0.377500
2024,金門縣,金寧鄉,金門縣|金寧鄉,民進黨,DPP,賴清德,0.116200,1303,11216,0.372300
2024,金門縣,金寧鄉,金門縣|金寧鄉,國民黨,KMT,侯友宜,0.551900,6190,11216,0.372300
2024,金門縣,金寧鄉,金門縣|金寧鄉,民眾黨,TPP,柯文哲,0.331900,3723,11216,0.372300
2024,金門縣,烈嶼鄉,金門縣|烈嶼鄉,民進黨,DPP,賴清德,0.088200,304,3446,0.298200
2024,金門縣,烈嶼鄉,金門縣|烈嶼鄉,國民黨,KMT,侯友宜,0.667200,2299,3446,0.298200
2024,金門縣,烈嶼鄉,金門縣|烈嶼鄉,民眾黨,TPP,柯文哲,0.244600,843,3446,0.298200
2024,金門縣,烏坵鄉,金門縣|烏坵鄉,民進黨,DPP,賴清德,0.120700,14,116,0.203900
2024,金門縣,烏坵鄉,金門縣|烏坵鄉,國民黨,KMT,侯友宜,0.689700,80,116,0.203900
2024,金門縣,烏坵鄉,金門縣|烏坵鄉,民眾黨,TPP,柯文哲,0.189700,22,116,0.203900
2024,金門縣,金湖鎮,金門縣|金湖鎮,民進黨,DPP,賴清德,0.100200,1032,10298,0.381000
2024,金門縣,金湖鎮,金門縣|金湖鎮,國民黨,KMT,侯友宜,0.602400,6204,10298,0.381000
2024,金門縣,金湖鎮,金門縣|金湖鎮,民眾黨,TPP,柯文哲,0.297300,3062,10298,0.381000
2024,金門縣,金沙鎮,金門縣|金沙鎮,民進黨,DPP,賴清德,0.076800,491,6393,0.342600
2024,金門縣,金沙鎮,金門縣|金沙鎮,國民黨,KMT,侯友宜,0.678400,4337,6393,0.342600
2024,金門縣,金沙鎮,金門縣|金沙鎮,民眾黨,TPP,柯文哲,0.244800,1565,6393,0.342600
2024,雲林縣,麥寮鄉,雲林縣|麥寮鄉,民進黨,DPP,賴清德,0.356900,8720,24432,0.620100
2024,雲林縣,麥寮鄉,雲林縣|麥寮鄉,國民黨,KMT,侯友宜,0.306000,7476,24432,0.620100
2024,雲林縣,麥寮鄉,雲林縣|麥寮鄉,民眾黨,TPP,柯文哲,0.337100,8236,24432,0.620100
2024,雲林縣,臺西鄉,雲林縣|臺西鄉,民進黨,DPP,賴清德,0.389600,4579,11754,0.612600
2024,雲林縣,臺西鄉,雲林縣|臺西鄉,國民黨,KMT,侯友宜,0.348200,4093,11754,0.612600
2024,雲林縣,臺西鄉,雲林縣|臺西鄉,民眾黨,TPP,柯文哲,0.262200,3082,11754,0.612600
2024,雲林縣,東勢鄉,雲林縣|東勢鄉,民進黨,DPP,賴清德,0.469700,3636,7741,0.646300
2024,雲林縣,東勢鄉,雲林縣|東勢鄉,國民黨,KMT,侯友宜,0.303600,2350,7741,0.646300
2024,雲林縣,東勢鄉,雲林縣|東勢鄉,民眾黨,TPP,柯文哲,0.226700,1755,7741,0.646300
2024,雲林縣,褒忠鄉,雲林縣|褒忠鄉,民進黨,DPP,賴清德,0.461900,3259,7056,0.683000
2024,雲林縣,褒忠鄉,雲林縣|褒忠鄉,國民黨,KMT,侯友宜,0.286100,2019,7056,0.683000
2024,雲林縣,褒忠鄉,雲林縣|褒忠鄉,民眾黨,TPP,柯文哲,0.252000,1778,7056,0.683000
2024,雲林縣,土庫鎮,雲林縣|土庫鎮,民進黨,DPP,賴清德,0.453900,7335,16159,0.699700
2024,雲林縣,土庫鎮,雲林縣|土庫鎮,國民黨,KMT,侯友宜,0.281000,4541,16159,0.699700
2024,雲林縣,土庫鎮,雲林縣|土庫鎮,民眾黨,TPP,柯文哲,0.265200,4285,16159,0.699700
2024,雲林縣,虎尾鎮,雲林縣|虎尾鎮,民進黨,DPP,賴清德,0.392100,16328,41642,0.731800
2024,雲林縣,虎尾鎮,雲林縣|虎尾鎮,國民黨,KMT,侯友宜,0.323500,13471,41642,0.731800
2024,雲林縣,虎尾鎮,雲林縣|虎尾鎮,民眾黨,TPP,柯文哲,0.284400,11843,41642,0.731800
2024,雲林縣,四湖鄉,雲林縣|四湖鄉,民進黨,DPP,賴清德,0.478300,5157,10781,0.574700
2024,雲林縣,四湖鄉,雲林縣|四湖鄉,國民黨,KMT,侯友宜,0.304000,3277,10781,0.574700
2024,雲林縣,四湖鄉,雲林縣|四湖鄉,民眾黨,TPP,柯文哲,0.217700,2347,10781,0.574700
2024,雲林縣,元長鄉,雲林縣|元長鄉,民進黨,DPP,賴清德,0.498600,6538,13113,0.637200
2024,雲林縣,元長鄉,雲林縣|元長鄉,國民黨,KMT,侯友宜,0.277700,3641,13113,0.637200
2024,雲林縣,元長鄉,雲林縣|元長鄉,民眾黨,TPP,柯文哲,0.223700,2933,13113,0.637200
2024,雲林縣,口湖鄉,雲林縣|口湖鄉,民進黨,DPP,賴清德,0.522200,6967,13342,0.603600
2024,雲林縣,口湖鄉,雲林縣|口湖鄉,國民黨,KMT,侯友宜,0.259800,3466,13342,0.603600
2024,雲林縣,口湖鄉,雲林縣|口湖鄉,民眾黨,TPP,柯文哲,0.218000,2909,13342,0.603600
2024,雲林縣,水林鄉,雲林縣|水林鄉,民進黨,DPP,賴清德,0.573700,7378,12860,0.638400
2024,雲林縣,水林鄉,雲林縣|水林鄉,國民黨,KMT,侯友宜,0.228600,2940,12860,0.638400
2024,雲林縣,水林鄉,雲林縣|水林鄉,民眾黨,TPP,柯文哲,0.197700,2542,12860,0.638400
2024,雲林縣,北港鎮,雲林縣|北港鎮,民進黨,DPP,賴清德,0.489800,10954,22364,0.710000
2024,雲林縣,北港鎮,雲林縣|北港鎮,國民黨,KMT,侯友宜,0.268300,6000,22364,0.710000
2024,雲林縣,北港鎮,雲林縣|北港鎮,民眾黨,TPP,柯文哲,0.242000,5412,22364,0.710000
2024,雲林縣,崙背鄉,雲林縣|崙背鄉,民進黨,DPP,賴清德,0.476200,6165,12947,0.664200
2024,雲林縣,崙背鄉,雲林縣|崙背鄉,國民黨,KMT,侯友宜,0.278400,3604,12947,0.664200
2024,雲林縣,崙背鄉,雲林縣|崙背鄉,民眾黨,TPP,柯文哲,0.245500,3178,12947,0.664200
2024,雲林縣,二崙鄉,雲林縣|二崙鄉,民進黨,DPP,賴清德,0.542000,7884,14547,0.673100
2024,雲林縣,二崙鄉,雲林縣|二崙鄉,國民黨,KMT,侯友宜,0.232900,3388,14547,0.673100
2024,雲林縣,二崙鄉,雲林縣|二崙鄉,民眾黨,TPP,柯文哲,0.225100,3275,14547,0.673100
2024,雲林縣,西螺鎮,雲林縣|西螺鎮,民進黨,DPP,賴清德,0.494600,12659,25594,0.702900
2024,雲林縣,西螺鎮,雲林縣|西螺鎮,國民黨,KMT,侯友宜,0.241300,6176,25594,0.702900
2024,雲林縣,西螺鎮,雲林縣|西螺鎮,民眾黨,TPP,柯文哲,0.264200,6762,25594,0.702900
2024,雲林縣,莿桐鄉,雲林縣|莿桐鄉,民進黨,DPP,賴清德,0.498600,8290,16627,0.714100
2024,雲林縣,莿桐鄉,雲林縣|莿桐鄉,國民黨,KMT,侯友宜,0.252300,4195,16627,0.714100
2024,雲林縣,莿桐鄉,雲林縣|莿桐鄉,民眾黨,TPP,柯文哲,0.249100,4142,16627,0.714100
2024,雲林縣,林內鄉,雲林縣|林內鄉,民進黨,DPP,賴清德,0.423700,4306,10162,0.709000
2024,雲林縣,林內鄉,雲林縣|林內鄉,國民黨,KMT,侯友宜,0.302000,3069,10162,0.709000
2024,雲林縣,林內鄉,雲林縣|林內鄉,民眾黨,TPP,柯文哲,0.274300,2787,10162,0.709000
2024,雲林縣,斗六市,雲林縣|斗六市,民進黨,DPP,賴清德,0.382700,24583,64236,0.729100
2024,雲林縣,斗六市,雲林縣|斗六市,國民黨,KMT,侯友宜,0.334800,21506,64236,0.729100
2024,雲林縣,斗六市,雲林縣|斗六市,民眾黨,TPP,柯文哲,0.282600,18153,64236,0.729100
2024,雲林縣,大埤鄉,雲林縣|大埤鄉,民進黨,DPP,賴清德,0.470000,5125,10904,0.701100
2024,雲林縣,大埤鄉,雲林縣|大埤鄉,國民黨,KMT,侯友宜,0.284800,3105,10904,0.701100
2024,雲林縣,大埤鄉,雲林縣|大埤鄉,民眾黨,TPP,柯文哲,0.245200,2674,10904,0.701100
2024,雲林縣,斗南鎮,雲林縣|斗南鎮,民進黨,DPP,賴清德,0.435700,11480,26348,0.721900
2024,雲林縣,斗南鎮,雲林縣|斗南鎮,國民黨,KMT,侯友宜,0.303900,8007,26348,0.721900
2024,雲林縣,斗南鎮,雲林縣|斗南鎮,民眾黨,TPP,柯文哲,0.260400,6861,26348,0.721900
2024,雲林縣,古坑鄉,雲林縣|古坑鄉,民進黨,DPP,賴清德,0.454200,8180,18010,0.692400
2024,雲林縣,古坑鄉,雲林縣|古坑鄉,國民黨,KMT,侯友宜,0.294700,5308,18010,0.692400
2024,雲林縣,古坑鄉,雲林縣|古坑鄉,民眾黨,TPP,柯文哲,0.251100,4522,18010,0.692400
2024,高雄市,桃源區,高雄市|桃源區,民進黨,DPP,賴清德,0.168300,340,2020,0.600900
2024,高雄市,桃源區,高雄市|桃源區,國民黨,KMT,侯友宜,0.587100,1186,2020,0.600900
2024,高雄市,桃源區,高雄市|桃源區,民眾黨,TPP,柯文哲,0.244600,494,2020,0.600900
2024,高雄市,那瑪夏區,高雄市|那瑪夏區,民進黨,DPP,賴清德,0.186900,277,1482,0.616300
2024,高雄市,那瑪夏區,高雄市|那瑪夏區,國民黨,KMT,侯友宜,0.622100,922,1482,0.616300
2024,高雄市,那瑪夏區,高雄市|那瑪夏區,民眾黨,TPP,柯文哲,0.191000,283,1482,0.616300
2024,高雄市,甲仙區,高雄市|甲仙區,民進黨,DPP,賴清德,0.429200,1294,3015,0.611500
2024,高雄市,甲仙區,高雄市|甲仙區,國民黨,KMT,侯友宜,0.398000,1200,3015,0.611500
2024,高雄市,甲仙區,高雄市|甲仙區,民眾黨,TPP,柯文哲,0.172800,521,3015,0.611500
2024,高雄市,六龜區,高雄市|六龜區,民進黨,DPP,賴清德,0.488700,2972,6082,0.586800
2024,高雄市,六龜區,高雄市|六龜區,國民黨,KMT,侯友宜,0.339000,2062,6082,0.586800
2024,高雄市,六龜區,高雄市|六龜區,民眾黨,TPP,柯文哲,0.172300,1048,6082,0.586800
2024,高雄市,杉林區,高雄市|杉林區,民進黨,DPP,賴清德,0.476800,2767,5803,0.594500
2024,高雄市,杉林區,高雄市|杉林區,國民黨,KMT,侯友宜,0.362400,2103,5803,0.594500
2024,高雄市,杉林區,高雄市|杉林區,民眾黨,TPP,柯文哲,0.160800,933,5803,0.594500
2024,高雄市,內門區,高雄市|內門區,民進黨,DPP,賴清德,0.502200,3976,7917,0.668400
2024,高雄市,內門區,高雄市|內門區,國民黨,KMT,侯友宜,0.319600,2530,7917,0.668400
2024,高雄市,內門區,高雄市|內門區,民眾黨,TPP,柯文哲,0.178200,1411,7917,0.668400
2024,高雄市,旗山區,高雄市|旗山區,民進黨,DPP,賴清德,0.506200,10321,20390,0.687400
2024,高雄市,旗山區,高雄市|旗山區,國民黨,KMT,侯友宜,0.298700,6090,20390,0.687400
2024,高雄市,旗山區,高雄市|旗山區,民眾黨,TPP,柯文哲,0.195100,3978,20390,0.687400
2024,高雄市,美濃區,高雄市|美濃區,民進黨,DPP,賴清德,0.419200,9156,21842,0.665900
2024,高雄市,美濃區,高雄市|美濃區,國民黨,KMT,侯友宜,0.397600,8684,21842,0.665900
2024,高雄市,美濃區,高雄市|美濃區,民眾黨,TPP,柯文哲,0.183200,4001,21842,0.665900
2024,高雄市,茂林區,高雄市|茂林區,民進黨,DPP,賴清德,0.158000,182,1152,0.742600
2024,高雄市,茂林區,高雄市|茂林區,國民黨,KMT,侯友宜,0.572900,660,1152,0.742600
2024,高雄市,茂林區,高雄市|茂林區,民眾黨,TPP,柯文哲,0.269100,310,1152,0.742600
2024,高雄市,阿蓮區,高雄市|阿蓮區,民進黨,DPP,賴清德,0.557200,9110,16350,0.705800
2024,高雄市,阿蓮區,高雄市|阿蓮區,國民黨,KMT,侯友宜,0.233900,3824,16350,0.705800
2024,高雄市,阿蓮區,高雄市|阿蓮區,民眾黨,TPP,柯文哲,0.208800,3414,16350,0.705800
2024,高雄市,田寮區,高雄市|田寮區,民進黨,DPP,賴清德,0.592300,2419,4084,0.677000
2024,高雄市,田寮區,高雄市|田寮區,國民黨,KMT,侯友宜,0.256400,1047,4084,0.677000
2024,高雄市,田寮區,高雄市|田寮區,民眾黨,TPP,柯文哲,0.151300,618,4084,0.677000
2024,高雄市,燕巢區,高雄市|燕巢區,民進黨,DPP,賴清德,0.522500,9234,17673,0.706800
2024,高雄市,燕巢區,高雄市|燕巢區,國民黨,KMT,侯友宜,0.261400,4620,17673,0.706800
2024,高雄市,燕巢區,高雄市|燕巢區,民眾黨,TPP,柯文哲,0.216100,3819,17673,0.706800
2024,高雄市,大樹區,高雄市|大樹區,民進黨,DPP,賴清德,0.555000,13684,24656,0.705100
2024,高雄市,大樹區,高雄市|大樹區,國民黨,KMT,侯友宜,0.246400,6075,24656,0.705100
2024,高雄市,大樹區,高雄市|大樹區,民眾黨,TPP,柯文哲,0.198600,4897,24656,0.705100
2024,高雄市,大社區,高雄市|大社區,民進黨,DPP,賴清德,0.536400,11133,20755,0.711700
2024,高雄市,大社區,高雄市|大社區,國民黨,KMT,侯友宜,0.236000,4898,20755,0.711700
2024,高雄市,大社區,高雄市|大社區,民眾黨,TPP,柯文哲,0.227600,4724,20755,0.711700
2024,高雄市,茄萣區,高雄市|茄萣區,民進黨,DPP,賴清德,0.548300,9551,17420,0.690600
2024,高雄市,茄萣區,高雄市|茄萣區,國民黨,KMT,侯友宜,0.247300,4308,17420,0.690600
2024,高雄市,茄萣區,高雄市|茄萣區,民眾黨,TPP,柯文哲,0.204400,3561,17420,0.690600
2024,高雄市,湖內區,高雄市|湖內區,民進黨,DPP,賴清德,0.529000,9463,17888,0.710700
2024,高雄市,湖內區,高雄市|湖內區,國民黨,KMT,侯友宜,0.245200,4386,17888,0.710700
2024,高雄市,湖內區,高雄市|湖內區,民眾黨,TPP,柯文哲,0.225800,4039,17888,0.710700
2024,高雄市,路竹區,高雄市|路竹區,民進黨,DPP,賴清德,0.499600,15149,30322,0.729800
2024,高雄市,路竹區,高雄市|路竹區,國民黨,KMT,侯友宜,0.265500,8050,30322,0.729800
2024,高雄市,路竹區,高雄市|路竹區,民眾黨,TPP,柯文哲,0.234900,7123,30322,0.729800
2024,高雄市,永安區,高雄市|永安區,民進黨,DPP,賴清德,0.514400,4334,8426,0.708400
2024,高雄市,永安區,高雄市|永安區,國民黨,KMT,侯友宜,0.252600,2128,8426,0.708400
2024,高雄市,永安區,高雄市|永安區,民眾黨,TPP,柯文哲,0.233100,1964,8426,0.708400
2024,高雄市,岡山區,高雄市|岡山區,民進黨,DPP,賴清德,0.467900,26881,57450,0.729300
2024,高雄市,岡山區,高雄市|岡山區,國民黨,KMT,侯友宜,0.300400,17258,57450,0.729300
2024,高雄市,岡山區,高雄市|岡山區,民眾黨,TPP,柯文哲,0.231700,13311,57450,0.729300
2024,高雄市,彌陀區,高雄市|彌陀區,民進黨,DPP,賴清德,0.500700,5672,11329,0.725600
2024,高雄市,彌陀區,高雄市|彌陀區,國民黨,KMT,侯友宜,0.289300,3277,11329,0.725600
2024,高雄市,彌陀區,高雄市|彌陀區,民眾黨,TPP,柯文哲,0.210000,2379,11329,0.725600
2024,高雄市,梓官區,高雄市|梓官區,民進黨,DPP,賴清德,0.560400,12114,21617,0.720800
2024,高雄市,梓官區,高雄市|梓官區,國民黨,KMT,侯友宜,0.236200,5106,21617,0.720800
2024,高雄市,梓官區,高雄市|梓官區,民眾黨,TPP,柯文哲,0.203400,4397,21617,0.720800
2024,高雄市,橋頭區,高雄市|橋頭區,民進黨,DPP,賴清德,0.540200,14401,26658,0.750300
2024,高雄市,橋頭區,高雄市|橋頭區,國民黨,KMT,侯友宜,0.228700,6097,26658,0.750300
2024,高雄市,橋頭區,高雄市|橋頭區,民眾黨,TPP,柯文哲,0.231100,6161,26658,0.750300
2024,高雄市,楠梓區,高雄市|楠梓區,民進黨,DPP,賴清德,0.461500,51314,111190,0.711800
2024,高雄市,楠梓區,高雄市|楠梓區,國民黨,KMT,侯友宜,0.295900,32901,111190,0.711800
2024,高雄市,楠梓區,高雄市|楠梓區,民眾黨,TPP,柯文哲,0.242500,26964,111190,0.711800
2024,高雄市,左營區,高雄市|左營區,民進黨,DPP,賴清德,0.422700,48796,115439,0.714800
2024,高雄市,左營區,高雄市|左營區,國民黨,KMT,侯友宜,0.349200,40311,115439,0.714800
2024,高雄市,左營區,高雄市|左營區,民眾黨,TPP,柯文哲,0.228200,26343,115439,0.714800
2024,高雄市,仁武區,高雄市|仁武區,民進黨,DPP,賴清德,0.499200,28974,58040,0.716900
2024,高雄市,仁武區,高雄市|仁武區,國民黨,KMT,侯友宜,0.253700,14725,58040,0.716900
2024,高雄市,仁武區,高雄市|仁武區,民眾黨,TPP,柯文哲,0.247100,14342,58040,0.716900
2024,高雄市,鳥松區,高雄市|鳥松區,民進黨,DPP,賴清德,0.506700,14360,28340,0.730100
2024,高雄市,鳥松區,高雄市|鳥松區,國民黨,KMT,侯友宜,0.290100,8221,28340,0.730100
2024,高雄市,鳥松區,高雄市|鳥松區,民眾黨,TPP,柯文哲,0.203200,5759,28340,0.730100
2024,高雄市,大寮區,高雄市|大寮區,民進黨,DPP,賴清德,0.504800,33642,66645,0.696900
2024,高雄市,大寮區,高雄市|大寮區,國民黨,KMT,侯友宜,0.266700,17774,66645,0.696900
2024,高雄市,大寮區,高雄市|大寮區,民眾黨,TPP,柯文哲,0.228500,15228,66645,0.696900
2024,高雄市,林園區,高雄市|林園區,民進黨,DPP,賴清德,0.548000,21585,39389,0.687300
2024,高雄市,林園區,高雄市|林園區,國民黨,KMT,侯友宜,0.234300,9229,39389,0.687300
2024,高雄市,林園區,高雄市|林園區,民眾黨,TPP,柯文哲,0.217700,8575,39389,0.687300
2024,高雄市,三民區,高雄市|三民區,民進黨,DPP,賴清德,0.498200,100132,200987,0.720700
2024,高雄市,三民區,高雄市|三民區,國民黨,KMT,侯友宜,0.286600,57603,200987,0.720700
2024,高雄市,三民區,高雄市|三民區,民眾黨,TPP,柯文哲,0.215300,43273,200987,0.720700
2024,高雄市,苓雅區,高雄市|苓雅區,民進黨,DPP,賴清德,0.483600,48667,100634,0.722900
2024,高雄市,苓雅區,高雄市|苓雅區,國民黨,KMT,侯友宜,0.317200,31921,100634,0.722900
2024,高雄市,苓雅區,高雄市|苓雅區,民眾黨,TPP,柯文哲,0.199200,20046,100634,0.722900
2024,高雄市,鼓山區,高雄市|鼓山區,民進黨,DPP,賴清德,0.468000,38331,81904,0.722900
2024,高雄市,鼓山區,高雄市|鼓山區,國民黨,KMT,侯友宜,0.322200,26389,81904,0.722900
2024,高雄市,鼓山區,高雄市|鼓山區,民眾黨,TPP,柯文哲,0.209900,17192,81904,0.722900
2024,高雄市,鹽埕區,高雄市|鹽埕區,民進黨,DPP,賴清德,0.540400,7835,14499,0.726000
2024,高雄市,鹽埕區,高雄市|鹽埕區,國民黨,KMT,侯友宜,0.282200,4092,14499,0.726000
2024,高雄市,鹽埕區,高雄市|鹽埕區,民眾黨,TPP,柯文哲,0.177500,2574,14499,0.726000
2024,高雄市,前金區,高雄市|前金區,民進黨,DPP,賴清德,0.492300,8449,17162,0.715400
2024,高雄市,前金區,高雄市|前金區,國民黨,KMT,侯友宜,0.312100,5356,17162,0.715400
2024,高雄市,前金區,高雄市|前金區,民眾黨,TPP,柯文哲,0.195600,3357,17162,0.715400
2024,高雄市,新興區,高雄市|新興區,民進黨,DPP,賴清德,0.495700,15008,30277,0.719300
2024,高雄市,新興區,高雄市|新興區,國民黨,KMT,侯友宜,0.313800,9501,30277,0.719300
2024,高雄市,新興區,高雄市|新興區,民眾黨,TPP,柯文哲,0.190500,5768,30277,0.719300
2024,高雄市,鳳山區,高雄市|鳳山區,民進黨,DPP,賴清德,0.465400,98998,212717,0.720700
2024,高雄市,鳳山區,高雄市|鳳山區,國民黨,KMT,侯友宜,0.305900,65070,212717,0.720700
2024,高雄市,鳳山區,高雄市|鳳山區,民眾黨,TPP,柯文哲,0.228700,48648,212717,0.720700
2024,高雄市,旗津區,高雄市|旗津區,民進黨,DPP,賴清德,0.571600,8701,15223,0.665800
2024,高雄市,旗津區,高雄市|旗津區,國民黨,KMT,侯友宜,0.224300,3415,15223,0.665800
2024,高雄市,旗津區,高雄市|旗津區,民眾黨,TPP,柯文哲,0.204100,3107,15223,0.665800
2024,高雄市,前鎮區,高雄市|前鎮區,民進黨,DPP,賴清德,0.503800,55513,110189,0.717000
2024,高雄市,前鎮區,高雄市|前鎮區,國民黨,KMT,侯友宜,0.288500,31790,110189,0.717000
2024,高雄市,前鎮區,高雄市|前鎮區,民眾黨,TPP,柯文哲,0.207700,22886,110189,0.717000
2024,高雄市,小港區,高雄市|小港區,民進黨,DPP,賴清德,0.507500,45673,89996,0.696600
2024,高雄市,小港區,高雄市|小港區,國民黨,KMT,侯友宜,0.262900,23660,89996,0.696600
2024,高雄市,小港區,高雄市|小港區,民眾黨,TPP,柯文哲,0.229600,20663,89996,0.696600
